record,type,0_pre-RR,0_post-RR,0_pPeak,0_tPeak,0_rPeak,0_sPeak,0_qPeak,0_qrs_interval,0_pq_interval,0_qt_interval,0_st_interval,0_qrs_morph0,0_qrs_morph1,0_qrs_morph2,0_qrs_morph3,0_qrs_morph4,1_pre-RR,1_post-RR,1_pPeak,1_tPeak,1_rPeak,1_sPeak,1_qPeak,1_qrs_interval,1_pq_interval,1_qt_interval,1_st_interval,1_qrs_morph0,1_qrs_morph1,1_qrs_morph2,1_qrs_morph3,1_qrs_morph4
I01,N,155,159,-0.084180683,0.633369772,-0.032040263,-0.032040263,-0.110593766,3,4,13,6,-0.110593766,-0.110593766,-0.110295534,-0.110295534,-0.088995009,155,159,0.113274794,0.17124379,0.234975314,-0.356395021,0.058353436,16,6,28,6,0.058353436,0.079406434,0.17248064,0.234377671,-0.006703058
I01,N,157,161,-0.000554612,0.782663391,-0.069553033,-0.069553033,-0.138955961,2,6,14,6,-0.138955961,-0.138955961,-0.138955961,-0.124054584,-0.124054584,157,161,-0.103589636,0.197351415,0.253342049,-0.326993761,-0.128641647,33,5,44,6,-0.128641647,-0.026085839,0.081767852,0.086363635,0.253342049
I01,N,169,168,-0.161107389,0.531544387,-0.163140626,-0.163140626,-0.253816527,2,5,13,6,-0.253816527,-0.253816527,-0.253816527,-0.230616431,-0.230616431,169,168,0.080228821,0.216197496,0.306435754,-0.325143726,0.068664166,21,2,29,6,0.068664166,0.12968528,0.19783377,0.283693529,0.179276281
I01,N,255,117,0.133917138,-0.105461299,0.54347594,-0.401501275,-0.112972207,16,24,46,6,-0.112972207,-0.044527397,0.28225369,0.54347594,0.18063421,255,117,0.072705402,0.189422974,0.263954761,-0.409420718,0.070979019,16,2,25,7,0.070979019,0.088732887,0.181109494,0.263954761,0.071532531
I01,N,163,104,-0.078261229,0.72876441,-0.010792034,-0.010792034,-0.147622907,3,4,12,5,-0.147622907,-0.147622907,-0.142640419,-0.142640419,-0.10085106,163,104,0.101387512,0.204390108,0.200851546,-0.405156872,0.080373341,14,5,26,7,0.080373341,0.092124587,0.16714045,0.186003383,-0.078443471
I01,N,157,155,-0.013260127,-0.060789422,0.587919074,-0.367663998,-0.065505288,15,5,27,7,-0.065505288,0.098595351,0.483619174,0.525587486,-0.044024698,157,155,0.103467235,0.130001248,0.220361805,-0.363491912,0.092370592,13,2,21,6,0.092370592,0.105342364,0.203388868,0.205237942,-0.074531036
I01,N,155,155,-0.228311123,-0.053158383,0.70354501,-0.452847583,-0.250320975,20,3,29,6,-0.250320975,-0.071806638,0.12402683,0.655362891,0.256043161,155,155,0.060304022,0.1886699,0.238316964,-0.420793503,-0.047862698,32,19,57,6,-0.047862698,0.040568771,0.105347057,0.138169251,0.234781974
I01,N,172,172,-0.045026825,-0.055719599,0.57448902,-0.38316572,-0.133002177,16,6,29,7,-0.133002177,-0.054783763,0.304182248,0.57448902,0.221990949,172,172,0.032938683,0.119322084,0.215264124,-0.359711357,-0.119090483,32,14,52,6,-0.119090483,-0.02540102,0.042877736,0.061529631,0.213025698
I01,N,174,174,-0.066904262,-0.051378617,0.658228788,-0.346417265,-0.11922214,15,5,27,7,-0.11922214,0.001472412,0.427728321,0.658228788,0.138372416,174,174,0.068398847,0.143655932,0.229768163,-0.358511706,0.065968865,16,3,25,6,0.065968865,0.091649104,0.182894065,0.220300368,-0.024379097
I01,N,157,158,0.156457143,-0.006802659,0.895510615,-0.356821921,-0.198247876,28,16,50,6,-0.198247876,-0.07455886,0.233373753,0.575459182,0.799919653,157,158,0.152378022,0.027533364,0.027713902,0.021147821,0.027713902,2,9,13,2,0.027713902,0.027713902,0.027713902,0.021151636,0.021151636
I01,N,155,153,-0.076584337,-0.076207884,0.767614149,-0.358566245,-0.100119302,16,2,24,6,-0.100119302,0.014116111,0.470002084,0.767614149,0.253478239,155,153,0.041310033,0.219456359,0.194418381,-0.400903145,0.037156771,16,3,25,6,0.037156771,0.075154144,0.142572938,0.194418381,0.002286635
I01,N,169,171,-0.057953506,-0.061462316,0.642267489,-0.374455153,-0.082167434,15,5,27,7,-0.082167434,0.074318896,0.500781607,0.591069709,-0.000460649,169,171,0.142038527,0.223862282,0.267699568,-0.259333574,0.115174827,13,3,22,6,0.115174827,0.140970162,0.253464889,0.250008582,-0.008329876
I01,N,172,171,-0.050693766,-0.044246176,0.567646442,-0.340578949,-0.072638328,16,4,26,6,-0.072638328,-0.003410751,0.344425904,0.567646442,0.141126037,172,171,0.109089163,0.146655399,0.256789731,-0.401194863,0.098396532,15,5,26,6,0.098396532,0.131116135,0.233375921,0.215534163,-0.127590207
I01,N,159,153,-0.079891588,-0.055921734,0.533260576,-0.422008129,-0.168978788,16,4,26,6,-0.168978788,-0.047846042,0.350593681,0.531020885,0.058164977,159,153,0.145148119,0.209906484,0.263301524,-0.409112017,0.129617068,16,4,26,6,0.129617068,0.15338592,0.232275793,0.245254992,-0.037431738
I01,N,171,178,-0.070587181,-0.047549091,0.654845226,-0.313311597,-0.117168738,16,6,28,6,-0.117168738,0.007873556,0.43094175,0.654845226,0.207237274,171,178,0.077599257,0.124382622,0.181920868,-0.327177239,0.023222844,15,6,27,6,0.023222844,0.085281117,0.167930984,0.149493225,-0.114603301
I01,N,229,172,-0.075899594,-0.048261722,0.618791481,-0.346542021,-0.093334387,15,4,25,6,-0.093334387,0.031450142,0.423567051,0.612352773,0.094744947,229,172,-0.056239431,0.172384729,0.230865171,-0.378426664,-0.177874786,33,18,57,6,-0.177874786,-0.07216617,0.023019409,0.06968421,0.218174955
I01,N,155,156,-0.058183758,-0.101401639,0.581747618,-0.520959809,-0.180503337,16,14,37,7,-0.180503337,-0.081545655,0.3080035,0.581747618,0.075272022,155,156,0.05035061,0.199780079,0.265238205,-0.35493127,-0.123705222,32,16,54,6,-0.123705222,-0.004370719,0.086388963,0.128349139,0.263274678
I01,N,170,173,-0.08043743,0.574100557,-0.02446212,-0.02446212,-0.09427764,3,3,12,6,-0.09427764,-0.09427764,-0.093098422,-0.093098422,-0.074161225,170,173,0.09742365,0.169140764,0.262384616,-0.428524035,0.086175995,14,4,24,6,0.086175995,0.108277233,0.221250845,0.233535627,-0.111062941
I01,N,154,155,-0.11444484,0.630374376,-0.129786967,-0.129786967,-0.238388207,3,14,23,6,-0.238388207,-0.238388207,-0.234736716,-0.234736716,-0.202153717,154,155,0.102785608,0.314228296,0.253626143,-0.305291097,0.052766509,16,7,29,6,0.052766509,0.126071576,0.227838781,0.2482566,0.081283973
I01,N,154,155,0.09315744,0.739523775,-0.053146185,-0.053146185,-0.123977942,7,17,31,7,-0.123977942,-0.121078911,-0.108526133,-0.074581897,-0.066491184,154,155,-0.006560555,0.269415251,0.331275946,-0.368183055,-0.119447251,33,14,53,6,-0.119447251,-0.0319569,0.094559142,0.130553917,0.320120238
I01,N,161,161,-0.029484542,-0.032525684,0.658431211,-0.38542749,-0.056047531,16,5,27,6,-0.056047531,0.036171468,0.406847012,0.658431211,0.149612291,161,161,0.078699985,0.179280171,0.233939888,-0.436166536,0.077227593,16,2,24,6,0.077227593,0.094122023,0.184307577,0.222974184,-0.0513728
I01,N,161,160,-0.105416484,-0.013756499,0.60912591,-0.511509544,-0.172151504,15,6,28,7,-0.172151504,-0.076093488,0.344034315,0.60912591,0.033736492,161,160,0.094866648,0.224067702,0.215070168,-0.381467749,0.078855939,15,6,27,6,0.078855939,0.110050539,0.200272543,0.157871683,-0.18071669
I01,N,167,169,-0.075537657,-0.094671664,0.612573962,-0.365750208,-0.103180338,15,3,24,6,-0.103180338,0.002799143,0.412907522,0.599274792,0.06537927,167,169,0.071006206,0.185618561,0.247761071,-0.410589254,0.070106021,17,2,26,7,0.070106021,0.077709731,0.124445691,0.247761071,0.089480814
I01,N,158,98,-0.08359541,-0.065577866,0.57251107,-0.377780946,-0.131540467,16,5,27,6,-0.131540467,-0.052990095,0.302469161,0.57251107,0.173517441,158,98,0.099043443,0.15538633,0.194095512,-0.35511785,0.095446268,13,2,21,6,0.095446268,0.111664159,0.187311235,0.173268908,-0.091402671
I01,N,156,155,-0.043947731,-0.126168326,0.616946321,-0.316901383,-0.101055702,19,10,34,5,-0.101055702,-0.090487625,0.109883809,0.572873436,0.299467616,156,155,0.164545031,0.277978988,0.343466199,-0.466412264,0.150656676,14,2,21,5,0.150656676,0.177915496,0.326221475,0.274560108,-0.14821002
I01,N,156,158,-0.132604927,0.563532674,-0.003019581,-0.003019581,-0.139565832,4,3,13,6,-0.139565832,-0.139565832,-0.13529734,-0.116985769,-0.075768001,156,158,0.094428403,0.140762663,0.276363196,-0.383127169,0.057443305,18,5,29,6,0.057443305,0.05914998,0.139177834,0.267561417,0.027302149
I01,N,157,157,-0.154471529,0.637472824,-0.138027445,-0.138027445,-0.172004216,2,3,12,7,-0.172004216,-0.172004216,-0.172004216,-0.166486321,-0.166486321,157,157,0.169561395,0.113489501,0.311206584,-0.44184836,0.054349992,13,5,24,6,0.054349992,0.125599396,0.299170943,0.283073648,-0.068461854
I01,N,153,154,-0.059979727,0.000655779,0.654985277,-0.233402166,-0.102252146,24,6,36,6,-0.102252146,-0.041829566,0.004103999,0.486208044,0.426440506,153,154,0.180942877,0.151453402,0.265047815,-0.401887484,0.164849348,15,6,27,6,0.164849348,0.189805725,0.256896671,0.193038589,-0.174647292
I01,N,161,162,-0.06857985,-0.11002553,0.725190263,-0.442444973,-0.112253288,15,4,26,7,-0.112253288,0.002036371,0.461802226,0.724271321,0.102097669,161,162,0.067366256,0.224040022,0.213440422,-0.365192411,0.057816523,15,5,27,7,0.057816523,0.080063686,0.170757001,0.197419454,-0.067511002
I01,N,167,100,-0.077057344,0.549393654,-0.019208749,-0.019208749,-0.109913775,2,4,11,5,-0.109913775,-0.109913775,-0.109913775,-0.0837164,-0.0837164,167,100,0.033924536,0.171799689,0.261414119,-0.423252228,-0.142906123,32,20,58,6,-0.142906123,0.01729722,0.091974733,0.121424914,0.24979648
I01,N,158,162,-0.040585471,0.635822768,-0.053904041,-0.053904041,-0.063889392,1,4,12,7,-0.063889392,-0.063889392,-0.063889392,-0.063889392,-0.063889392,158,162,0.052861879,0.258710348,0.281660736,-0.285632128,0.052169134,16,2,25,7,0.052169134,0.076441599,0.178418572,0.281660736,0.143901451
I01,N,158,160,-0.104321889,0.040906255,0.757412331,-0.357175231,-0.185547307,24,7,37,6,-0.185547307,-0.108273806,-0.048918159,0.376034725,0.614805524,158,160,0.07786732,0.209483932,0.207217008,-0.412353224,0.073693168,19,3,29,7,0.073693168,0.079184036,0.104693956,0.199935483,0.032928346
I01,N,156,155,0.079481651,0.403619757,-0.028667987,-0.028667987,-0.224263455,5,23,32,4,-0.224263455,-0.223777958,-0.210673402,-0.177899983,-0.118553306,156,155,0.117079548,0.343282562,0.343170269,-0.208711976,0.116769446,21,1,28,6,0.116769446,0.137661691,0.168164591,0.28878288,0.2774707
I01,N,157,156,-0.06177027,-0.059003159,0.599060584,-0.388562477,-0.068422411,18,3,27,6,-0.068422411,-0.044386599,0.227207715,0.564256409,0.237074595,157,156,0.120129236,0.187944456,0.252573259,-0.391528984,0.099105309,14,4,25,7,0.099105309,0.126094551,0.230066733,0.220072289,-0.093245168
I01,N,241,170,-0.060593745,0.638497229,-0.011682823,-0.011682823,-0.070098194,3,2,11,6,-0.070098194,-0.070098194,-0.069927384,-0.069927384,-0.054456433,241,170,-0.063163623,0.265451073,0.262947531,-0.370270345,-0.191281428,32,13,52,7,-0.191281428,-0.06145295,0.049597031,0.083825251,0.262947531
I01,N,161,104,-0.072885876,0.578962009,-0.0229077,-0.0229077,-0.117531663,3,4,12,5,-0.117531663,-0.117531663,-0.117420849,-0.117420849,-0.089941871,161,104,0.105511107,0.117736023,0.22557349,-0.373609506,0.067693296,16,4,26,6,0.067693296,0.096337092,0.17534073,0.22557349,0.023620733
I01,N,166,165,-0.093315948,0.626397431,-0.031075387,-0.031075387,-0.127335653,3,4,13,6,-0.127335653,-0.127335653,-0.125866908,-0.125866908,-0.097949276,166,165,0.087796758,0.154289686,0.237240762,-0.41585357,0.084751825,15,3,24,6,0.084751825,0.109244035,0.204651447,0.206613561,-0.130925729
I01,N,230,170,-0.071884088,0.621411189,-0.075398507,-0.075398507,-0.083357578,1,3,11,7,-0.083357578,-0.083357578,-0.083357578,-0.083357578,-0.083357578,230,170,0.021738269,0.17286388,0.212267801,-0.418817776,0.021635025,16,1,24,7,0.021635025,0.035038339,0.118336731,0.212267801,0.052334021
I01,N,171,172,-0.043870837,-0.116010002,0.586199048,-0.365273574,-0.095938038,16,6,29,7,-0.095938038,-0.011355867,0.379858823,0.584973147,0.105340053,171,172,0.073760839,0.12320201,0.211599197,-0.416392422,0.066606177,15,3,24,6,0.066606177,0.095432302,0.191187995,0.170777366,-0.159681675
I01,N,156,155,-0.040997799,-0.086230094,0.661529195,-0.379662394,-0.114161776,16,5,26,5,-0.114161776,0.001679726,0.393247745,0.661529195,0.198712358,156,155,0.023890739,0.221434117,0.156662296,-0.429939541,-0.004471795,14,6,26,6,-0.004471795,0.016695227,0.118433988,0.131614521,-0.175838652
I01,N,153,157,-0.044906095,0.719424938,-0.019283232,-0.019283232,-0.087996846,2,4,12,6,-0.087996846,-0.087996846,-0.087996846,-0.071746663,-0.071746663,153,157,0.083715784,0.1766496,0.179448385,-0.453177475,0.070810313,14,7,28,7,0.070810313,0.085120854,0.159343576,0.151326616,-0.158076823
I01,N,246,178,-0.086748194,-0.11749944,0.584918018,-0.457460976,-0.126181513,15,5,26,6,-0.126181513,0.048525752,0.463101465,0.522328014,-0.098714475,246,178,-0.036560181,0.214947991,0.188164625,-0.335642884,-0.142039421,33,15,54,6,-0.142039421,-0.043312997,0.063708958,0.082065979,0.188164625
I01,N,162,162,-0.016362217,-0.034908345,0.658946256,-0.280716713,-0.054972669,16,4,25,5,-0.054972669,0.016932707,0.383599929,0.658946256,0.235860342,162,162,0.089055169,0.163870393,0.230992966,-0.398729779,0.063269076,17,6,29,6,0.063269076,0.073872883,0.136409966,0.229475399,0.006535452
I01,N,165,167,-0.039204629,-0.072343658,0.693283151,-0.410708073,-0.049117874,16,3,25,6,-0.049117874,0.022843456,0.351334,0.693283151,0.354727742,165,167,-0.014242935,0.202418209,0.244986184,-0.383276608,-0.163343136,33,23,63,7,-0.163343136,-0.042004872,0.070189407,0.087386263,0.244986184
I01,N,159,161,-0.088110874,0.707084012,-0.057847172,-0.057847172,-0.114067919,2,4,12,6,-0.114067919,-0.114067919,-0.114067919,-0.100294436,-0.100294436,159,161,0.068080422,0.236289744,0.221440133,-0.358072418,0.059497245,14,4,24,6,0.059497245,0.084821356,0.187893567,0.193431862,-0.112178664
I01,N,237,176,0.017147729,-0.052323981,0.676374518,-0.363895734,-0.012025537,14,4,25,7,-0.012025537,0.071389336,0.477351378,0.661692922,0.10056371,237,176,-0.081765333,0.174643491,0.189001334,-0.366218353,-0.212622076,32,13,52,7,-0.212622076,-0.069491661,0.005170224,0.04837708,0.189001334
I01,N,239,169,0.207640078,0.021080735,0.432412853,-0.466603959,-0.182299737,15,25,48,8,-0.182299737,-0.07728311,0.277329324,0.406004928,-0.110600682,239,169,-0.08175998,0.201024724,0.238780954,-0.38080279,-0.216720956,32,13,51,6,-0.216720956,-0.08808148,0.047687089,0.088800235,0.238780954
I01,N,160,158,0.453998647,-0.118155563,1.191750787,-0.467898899,0.431474648,17,3,26,6,0.431474648,0.51874471,0.889433618,1.136871552,0.357145746,160,158,0.053317313,0.270324032,-0.147341181,-0.429516616,-0.147341181,4,4,14,6,-0.147341181,-0.147341181,-0.257536328,-0.360185535,-0.42659949
I01,N,172,171,-0.073202795,0.620257157,-0.029460302,-0.029460302,-0.108641693,3,5,14,6,-0.108641693,-0.108641693,-0.104762774,-0.104762774,-0.08215314,172,171,0.082625624,0.167064728,0.252761452,-0.443595015,0.075400435,14,3,23,6,0.075400435,0.097396776,0.206579475,0.227025124,-0.122399073
I01,N,158,157,-0.180098617,0.508979239,-0.033481804,-0.033481804,-0.192741803,3,2,10,5,-0.192741803,-0.192741803,-0.182036193,-0.182036193,-0.132709975,158,157,0.05600905,0.176016567,0.224026724,-0.349825273,0.053811506,21,2,29,6,0.053811506,0.090726745,0.108989585,0.204468719,0.105695817
I01,N,154,157,-0.043793646,0.636200149,-0.035674331,-0.035674331,-0.124227999,3,12,21,6,-0.124227999,-0.124227999,-0.123884751,-0.123884751,-0.097068079,154,157,0.090897817,0.177293529,0.198678913,-0.39581544,0.06168215,14,4,24,6,0.06168215,0.081810051,0.177412289,0.153142593,-0.17720229
I01,N,174,174,-0.0755925,-0.052972272,0.621471632,-0.324763218,-0.123220721,16,5,26,5,-0.123220721,-0.04077846,0.351718267,0.621471632,0.16898622,174,174,0.076872245,0.165965843,0.252551787,-0.391330997,0.067151526,15,5,26,6,0.067151526,0.105280404,0.215472743,0.223047141,-0.113512422
I01,N,163,166,-0.156761156,0.528148248,-0.145136805,-0.145136805,-0.183749186,2,5,14,7,-0.183749186,-0.183749186,-0.183749186,-0.174278657,-0.174278657,163,166,0.076154216,0.233045167,0.228643788,-0.373485982,0.066681518,16,5,27,6,0.066681518,0.084804293,0.174772326,0.224359784,-0.011852526
I01,N,162,163,-0.023981481,-0.079741924,0.658060478,-0.373641423,-0.049229155,15,4,25,6,-0.049229155,0.082523741,0.485348728,0.63115834,0.06847607,162,163,-0.004506976,0.203043793,0.226485708,-0.388322102,-0.125763852,33,14,54,7,-0.125763852,0.019755013,0.087725899,0.098879626,0.226485708
I01,N,155,160,-0.061884213,-0.023956923,0.674748891,-0.325027312,-0.068873497,17,2,25,6,-0.068873497,-0.00323003,0.319291496,0.674748891,0.196353497,155,160,0.070157591,0.173490825,0.227902746,-0.368876665,0.033360321,13,5,25,7,0.033360321,0.061429788,0.199246575,0.222579405,-0.048589605
I01,N,156,156,-0.080851773,-0.072893512,0.68290414,-0.331335683,-0.090775932,17,3,26,6,-0.090775932,-0.015821116,0.251856678,0.68290414,0.321036292,156,156,0.10744668,0.19134396,0.24768635,-0.354910912,0.105274357,15,3,25,7,0.105274357,0.126112176,0.213778897,0.228867944,-0.044229685
I01,N,245,115,-0.093732705,-0.081556528,0.534197585,-0.396080515,-0.105667988,16,4,26,6,-0.105667988,-0.037086719,0.272608172,0.534197585,0.192172467,245,115,0.066663753,0.196930928,0.259501237,-0.392732394,0.061942756,15,3,25,7,0.061942756,0.092448912,0.207484783,0.240604546,-0.069893662
I01,N,156,158,-0.105210112,0.606928086,-0.042789519,-0.042789519,-0.15792748,3,4,12,5,-0.15792748,-0.15792748,-0.151951123,-0.151951123,-0.116729777,156,158,0.084573185,0.167557094,0.229239329,-0.365410803,0.07329915,14,3,23,6,0.07329915,0.090986088,0.196915693,0.19468339,-0.138774876
I01,N,247,174,-0.087546284,-0.111202194,0.593988547,-0.396088781,-0.132362083,16,5,27,6,-0.132362083,-0.008434255,0.396900112,0.587840069,0.074863716,247,174,-0.056142906,0.157174608,0.220526917,-0.365702332,-0.182455182,32,15,53,6,-0.182455182,-0.048200924,0.03902426,0.076444721,0.212289432
I01,N,159,158,-0.057343146,-0.001799648,0.633581816,-0.313469925,-0.122461291,15,4,25,6,-0.122461291,0.033522253,0.491992992,0.578756773,0.01109466,159,158,0.091645322,0.102392349,0.112175069,-0.32650272,0.058315325,14,7,27,6,0.058315325,0.065355284,0.086813682,0.112175069,-0.049526173
I01,N,170,172,-0.035985812,0.642069142,-0.04343503,-0.04343503,-0.144004894,2,6,13,5,-0.144004894,-0.144004894,-0.144004894,-0.120223038,-0.120223038,170,172,0.116013562,0.273033897,0.275527761,-0.389696164,0.114559055,12,1,20,7,0.114559055,0.140587273,0.228565946,0.228700702,-0.023476862
I01,N,158,156,0.104481861,-0.056075002,0.527609659,-0.296936739,-0.134398869,19,20,47,8,-0.134398869,-0.119976333,-0.020452268,0.461620744,0.272350569,158,156,0.123340642,0.174772557,0.260671575,-0.363718928,0.084293726,14,5,25,6,0.084293726,0.107874487,0.209866673,0.251898891,-0.016441893
I01,N,168,171,-0.183925211,0.631625369,-0.183045454,-0.183045454,-0.197283251,1,3,11,7,-0.197283251,-0.197283251,-0.197283251,-0.197283251,-0.197283251,168,171,0.090880454,0.136761742,0.242748294,-0.436445975,0.080806489,13,2,21,6,0.080806489,0.105795946,0.237061965,0.195440095,-0.216576513
I01,N,156,164,-0.20554709,0.638658021,-0.164206729,-0.164206729,-0.214457302,3,3,13,7,-0.214457302,-0.214457302,-0.21201028,-0.21201028,-0.198291445,156,164,0.103170061,0.191268552,0.192718838,-0.414612868,0.089652802,13,5,24,6,0.089652802,0.11091504,0.187699265,0.165967837,-0.139647414
I01,N,165,164,0.309135338,-0.046068956,0.786521373,-0.425424012,0.004172732,16,24,46,6,0.004172732,0.105211644,0.52882193,0.786521373,0.219495099,165,164,0.057235612,0.183515394,0.234488449,-0.436670995,-0.003381206,16,5,27,6,-0.003381206,0.036859319,0.16404777,0.226585986,-0.057803842
I01,N,155,158,-0.119848707,-0.122534843,0.69358095,-0.465771051,-0.121756094,16,1,23,6,-0.121756094,-0.05924371,0.336330218,0.69358095,0.208037046,155,158,0.075172046,0.265120378,0.17127166,-0.389182237,-0.132488534,30,18,54,6,-0.132488534,-0.020569431,0.036778207,0.159921815,0.127668499
I01,N,163,162,-0.119632826,0.569694,-0.019917629,-0.019917629,-0.136311688,3,3,11,5,-0.136311688,-0.136311688,-0.128576392,-0.128576392,-0.093326199,163,162,0.062097075,0.232982677,0.263007446,-0.32381775,0.061752193,18,1,26,7,0.061752193,0.073930106,0.139171792,0.244426264,0.113284378
I01,N,181,184,-0.045038689,-0.058560429,0.58531137,-0.296483928,-0.086127893,16,4,26,6,-0.086127893,0.016931559,0.406806681,0.578944233,0.144230936,181,184,0.087612526,0.137688396,0.173459131,-0.283056798,0.078127962,16,4,26,6,0.078127962,0.091542756,0.135162925,0.173459131,-0.003161479
I01,N,158,159,-0.08764937,0.599856617,-0.05549073,-0.05549073,-0.127592908,2,4,12,6,-0.127592908,-0.127592908,-0.127592908,-0.110072898,-0.110072898,158,159,0.061891436,0.208405779,0.262849129,-0.402757468,0.05824322,14,2,22,6,0.05824322,0.079963359,0.221040955,0.226647909,-0.137076403
I01,N,165,102,-0.088823019,-0.048689961,0.584149965,-0.313768052,-0.106308787,16,3,25,6,-0.106308787,-0.023331972,0.340083863,0.584149965,0.194917591,165,102,0.102885804,0.161424869,0.261254445,-0.419562981,0.081212354,15,5,26,6,0.081212354,0.109596803,0.21811515,0.235451106,-0.106392989
I01,N,161,151,-0.123871033,0.259665193,0.457258359,-0.936192654,-0.175255533,15,5,47,27,-0.175255533,-0.063316651,0.311941017,0.400671578,-0.353411251,161,151,0.083882889,0.351773101,0.248464704,-0.2641669,0.081912287,14,3,24,7,0.081912287,0.100331249,0.196930837,0.240274254,0.01162059
I01,N,163,163,0.207616417,-0.015673044,0.601210938,-0.378310605,-0.034661747,16,13,35,6,-0.034661747,0.060585474,0.392622603,0.601210938,0.167828921,163,163,0.071285417,0.214861929,0.270676805,-0.369090438,-0.149922661,32,17,55,6,-0.149922661,-0.063245929,0.008551729,0.060370655,0.270676805
I01,N,251,176,-0.069046871,-0.077498895,0.561597724,-0.369957003,-0.102374298,15,5,27,7,-0.102374298,0.045394537,0.45000981,0.503558579,-0.039618286,251,176,-0.058876689,0.165410218,0.254052462,-0.414309282,-0.180413245,32,11,49,6,-0.180413245,-0.043465079,0.061006015,0.088045158,0.254052462
I01,N,162,163,0.030395337,0.484070731,-0.10668873,-0.10668873,-0.132685275,1,7,15,7,-0.132685275,-0.132685275,-0.132685275,-0.132685275,-0.132685275,162,163,0.049830048,0.237063774,0.230707997,-0.352505448,0.033483294,14,4,24,6,0.033483294,0.064054074,0.199057768,0.200863219,-0.091926072
I01,N,160,155,-0.067287869,-0.065523403,0.557509827,-0.370525554,-0.130416516,16,5,27,6,-0.130416516,-0.054459193,0.285835823,0.557509827,0.206019167,160,155,0.248235154,0.166249476,-0.014955653,-0.378056421,-0.014955653,3,3,13,7,-0.014955653,-0.014955653,-0.165567127,-0.165567127,-0.299854597
I01,N,158,154,-0.121491661,-0.010835856,0.686199814,-0.449144598,-0.181294321,17,5,29,7,-0.181294321,-0.069875837,0.266851658,0.686199814,0.202191144,158,154,0.074945341,0.232171409,0.24064622,-0.410864975,0.057107677,17,3,27,7,0.057107677,0.108566738,0.152110321,0.24064622,0.07058553
I01,N,168,167,-0.065332002,-0.017785953,0.582341224,-0.288825329,-0.068887789,17,2,26,7,-0.068887789,-0.026977163,0.246239256,0.582341224,0.185691793,168,167,0.083491698,0.143047357,0.236323293,-0.40214108,0.076932748,16,4,26,6,0.076932748,0.096404833,0.188398461,0.226638057,-0.017164365
I01,N,169,100,-0.058817895,-0.070245192,0.580610945,-0.290870554,-0.092574849,14,5,25,6,-0.092574849,-0.017737058,0.361783584,0.580610945,0.116771673,169,100,0.091104896,0.192218353,0.269728026,-0.419522073,0.086602359,16,4,26,6,0.086602359,0.107253092,0.201692645,0.269697358,0.000752403
I01,N,161,110,0.11920894,-0.06376282,0.557441773,-0.329466409,-0.109145107,16,25,49,8,-0.109145107,-0.039181504,0.29774759,0.557441773,0.20152448,161,110,0.085365028,0.138007792,0.236024931,-0.363980581,0.073295182,14,7,27,6,0.073295182,0.086994191,0.181347419,0.224683588,-0.048645432
I01,N,161,156,-0.101340572,-0.021007155,0.596718028,-0.353996468,-0.102982126,15,1,31,15,-0.102982126,0.010122066,0.412872999,0.574322283,0.055538462,161,156,0.078916122,0.155913928,0.210977308,-0.377511647,0.077927799,15,1,22,6,0.077927799,0.113364851,0.198181885,0.168327944,-0.131207826
I01,N,166,102,0.109399148,0.68052794,-0.010648647,-0.010648647,-0.720620469,6,25,35,4,-0.720620469,-0.713241282,-0.655213905,-0.549735371,-0.402561985,166,102,0.07096785,0.046358121,0.351806083,-0.403456499,-0.148539302,33,13,52,6,-0.148539302,-0.060619828,0.081079807,0.204399723,0.335171766
I01,N,155,159,0.070077552,-0.016337861,0.700815104,-0.435838247,-0.121464068,18,9,33,6,-0.121464068,-0.075738122,0.311213747,0.687389901,0.196473834,155,159,0.093624918,0.179968053,0.25139408,-0.392287788,0.091606524,15,2,23,6,0.091606524,0.120930403,0.226670493,0.208759915,-0.140491811
I01,N,158,161,-0.043381234,0.732018312,-0.026878829,-0.026878829,-0.32671358,12,16,34,6,-0.32671358,-0.292258117,-0.233129326,-0.184474924,-0.166321011,158,161,0.112369194,0.266005738,0.224406769,-0.332907785,0.091107392,14,7,27,6,0.091107392,0.108782639,0.18763652,0.208348084,-0.066192282
I01,N,178,181,-0.067413566,-0.058822657,0.658962875,-0.395682107,-0.10852048,15,4,25,6,-0.10852048,0.018878127,0.4600629,0.63376872,0.043544602,178,181,0.101793663,0.188667691,0.208936668,-0.349065249,0.067155646,15,3,24,6,0.067155646,0.108011847,0.196010652,0.17484621,-0.083423546
I01,N,182,181,-0.066528947,-0.088836748,0.604656334,-0.35238486,-0.112461605,16,4,26,6,-0.112461605,0.015473625,0.435281023,0.58292226,0.085523785,182,181,0.045092939,0.156211967,0.164779675,-0.307163115,0.042740719,20,2,28,6,0.042740719,0.078717705,0.098420913,0.164031205,-0.020600039
I01,N,157,158,0.0018732,0.031793901,0.718764045,-0.41088551,-0.020138969,15,4,31,12,-0.020138969,0.100087748,0.539204507,0.654718088,-0.066161209,157,158,-0.025885579,0.178340614,0.234029368,-0.31831947,-0.032448167,22,3,33,8,-0.032448167,0.045739546,0.12715261,0.234029368,0.068667825
I01,N,175,100,-0.095020426,0.57599371,-0.009806908,-0.009806908,-0.109439132,3,3,11,5,-0.109439132,-0.109439132,-0.103364559,-0.103364559,-0.074513139,175,100,0.082436381,0.177800254,0.252457834,-0.405767752,0.070028148,15,4,25,6,0.070028148,0.115354104,0.229508502,0.201948071,-0.173880065
I01,N,164,166,0.240489721,0.716878064,-0.113358593,-0.113358593,-0.121076205,1,23,31,7,-0.121076205,-0.121076205,-0.121076205,-0.121076205,-0.121076205,164,166,0.068195301,0.146697275,0.233738381,-0.356616615,0.058927341,15,4,25,6,0.058927341,0.106328654,0.212441769,0.194119146,-0.126951929
I01,N,184,182,-0.055440535,-0.075328392,0.705243132,-0.426172281,-0.121770242,15,5,26,6,-0.121770242,0.060241717,0.535230956,0.654929462,-0.005266673,184,182,0.046617291,0.179816512,0.157858476,-0.339780704,0.025654049,18,3,28,7,0.025654049,0.054093841,0.11250725,0.155536856,0.01234457
I01,N,158,98,0.20027154,-0.228706056,0.588057086,-0.568214651,0.055416269,14,7,27,6,0.055416269,0.139912897,0.494402855,0.489282239,-0.236437897,158,98,-0.005065098,0.221792317,0.173355994,-0.360948749,-0.006645962,15,1,22,6,-0.006645962,0.020891292,0.133587371,0.147690605,-0.148654957
I01,N,159,162,0.269521013,-0.079314687,0.734647771,-0.355954077,-0.043136954,16,25,47,6,-0.043136954,0.067290604,0.460617296,0.734647771,0.277103167,159,162,0.096852169,0.167086717,0.206363572,-0.456140808,-0.178391778,33,22,61,6,-0.178391778,-0.046576262,0.02849982,0.069353929,0.19687384
I01,N,232,175,-0.04598286,-0.094494387,0.641568401,-0.368794339,-0.072133221,16,4,26,6,-0.072133221,0.00849741,0.386033534,0.641568401,0.187687855,232,175,-0.080190028,0.207911075,0.21020406,-0.420677962,-0.210437707,32,19,57,6,-0.210437707,-0.061320239,0.035187253,0.060522804,0.21020406
I01,N,214,162,-0.018417654,0.621619231,-0.044441019,-0.044441019,-0.070501503,1,5,13,7,-0.070501503,-0.070501503,-0.070501503,-0.070501503,-0.070501503,214,162,0.042064647,0.147821439,0.171885306,-0.380681343,0.030000765,13,2,21,6,0.030000765,0.057935111,0.167261148,0.13764229,-0.185841556
I01,N,164,166,0.121666286,-0.046189679,0.762413591,-0.327564684,0.006479851,16,7,29,6,0.006479851,0.152439032,0.548820585,0.758303306,0.189833012,164,166,0.057218882,0.185456657,0.203696545,-0.378661234,0.033363129,14,3,24,7,0.033363129,0.051664784,0.165400968,0.179926574,-0.097212583
I01,N,161,156,0.086557639,0.393498998,0.719685003,-0.250740169,-0.538250677,20,20,52,12,-0.538250677,-0.437995174,-0.107946918,0.626984427,0.371508029,161,156,0.075884918,0.150714714,0.306291394,-0.373485675,-0.164989349,32,13,51,6,-0.164989349,-0.052172328,0.070759823,0.17919843,0.304884061
I01,N,181,123,-0.061405915,-0.049449461,0.643607736,-0.397751135,-0.083760237,16,4,26,6,-0.083760237,0.004305954,0.382609233,0.643607736,0.188509634,181,123,0.067966023,0.188997836,0.185185248,-0.325844616,0.059305469,17,4,27,6,0.059305469,0.066505957,0.111033996,0.184134182,-0.009373352
I01,N,241,178,-0.067656359,-0.124392685,0.563234738,-0.395270915,-0.126338105,15,5,26,6,-0.126338105,0.024231591,0.421279465,0.524373543,-0.01848077,241,178,-0.088053106,0.188160174,0.206780763,-0.42114901,-0.216399021,32,17,56,7,-0.216399021,-0.094373472,0.017892781,0.059429739,0.206780763
I01,N,166,161,-0.003887209,0.216948514,1.12025791,0.164411028,-0.725340355,33,17,52,2,-0.725340355,-0.332347338,-0.007229747,0.371099635,1.116715854,166,161,0.071916048,0.058612848,-0.198099401,-0.488994799,-0.198099401,3,4,14,7,-0.198099401,-0.198099401,-0.32268278,-0.32268278,-0.429821185
I01,N,167,170,-0.106524032,0.670968822,-0.088033751,-0.088033751,-0.124555697,2,5,14,7,-0.124555697,-0.124555697,-0.124555697,-0.117106752,-0.117106752,167,170,0.070326528,0.214472522,0.273630704,-0.409180001,0.062070336,17,3,26,6,0.062070336,0.089996733,0.172311914,0.273630704,0.017892161
I01,N,158,159,-0.042106258,-0.079577988,0.515831642,-0.368924019,-0.093644392,17,5,27,5,-0.093644392,-0.006658068,0.251407266,0.514866218,0.064721088,158,159,0.093043345,0.16836896,0.225034845,-0.323422819,0.043640032,18,4,27,5,0.043640032,0.095124012,0.182085656,0.225034845,-0.001373411
I01,VEB,103,223,0.201809178,0.302121397,-0.265155729,-0.748782581,-0.265155729,3,4,15,8,-0.265155729,-0.265155729,-0.474423274,-0.474423274,-0.650426327,103,223,0.140793919,0.153267756,0.569647594,0.139569372,0.05714327,21,10,33,2,0.05714327,0.150655658,0.406291364,0.569647594,0.350579706
I01,VEB,107,239,0.181790434,0.333975201,-0.093433628,-0.610548368,-0.093433628,4,3,14,7,-0.093433628,-0.093433628,-0.276909326,-0.454378161,-0.577731773,107,239,0.051168048,0.161877061,0.645014373,0.126894449,0.035237244,22,5,30,3,0.035237244,0.094730105,0.360539288,0.645014373,0.392792032
I01,VEB,101,268,0.094125841,0.322596878,-0.667448538,-0.919236666,-0.667448538,2,6,17,9,-0.667448538,-0.667448538,-0.667448538,-0.831700287,-0.831700287,101,268,0.026854001,-0.335461138,0.654988577,-0.481835963,0.013581987,35,4,48,9,0.013581987,0.18458162,0.654988577,0.152158204,-0.012561839
I01,VEB,109,245,0.114008607,0.280833827,-0.233087446,-0.677224556,-0.233087446,3,4,14,7,-0.233087446,-0.233087446,-0.418993182,-0.418993182,-0.581810401,109,245,0.087626984,0.187141409,0.633188164,0.115724875,0.067626804,18,4,26,4,0.067626804,0.156755275,0.513988503,0.633188164,0.335669287
I01,VEB,111,254,0.204829544,0.258492211,0.24025612,-0.571068149,-0.13393901,27,24,58,7,-0.13393901,-0.089727113,-0.053734095,0.095816467,0.220355491,111,254,0.026314947,0.173347162,0.555866888,0.155975636,0.020571473,21,4,27,2,0.020571473,0.103028814,0.365851846,0.555866888,0.363301592
I01,VEB,105,242,0.428800302,0.452841671,-0.02455286,-0.542546155,-0.02455286,4,4,15,7,-0.02455286,-0.02455286,-0.242939106,-0.427939954,-0.536309573,105,242,0.004552152,0.173094733,0.559525576,0.164123765,-0.007799107,21,5,28,2,-0.007799107,0.057293738,0.324567878,0.551204283,0.395195638
I01,VEB,105,257,0.138498797,0.368274953,-0.316725324,-0.774604232,-0.316725324,4,4,15,7,-0.316725324,-0.316725324,-0.517193957,-0.679793919,-0.77063739,105,257,0.023512845,-0.389404589,0.706509114,-0.485658184,0.014035928,32,5,43,6,0.014035928,0.300084306,0.685256243,0.119903596,0.013041197
I01,VEB,102,243,0.21633129,0.349071958,-0.359796886,-0.755099392,-0.359796886,3,4,15,8,-0.359796886,-0.359796886,-0.558077425,-0.558077425,-0.699061336,102,243,-0.081845035,0.155434681,0.626217214,0.149740616,-0.091008428,41,9,52,2,-0.091008428,-0.010033756,0.026500744,0.146460334,0.626217214
I01,VEB,119,235,-0.113246055,0.277675972,0.354010513,-0.687005391,-0.117042838,25,3,35,7,-0.117042838,-0.07834986,-0.012846502,0.264937979,0.117138777,119,235,0.021047503,0.196328366,0.619870654,0.146574309,0.020928654,23,1,28,4,0.020928654,0.034725002,0.230201076,0.530127602,0.485517385
I01,VEB,110,249,0.261938981,0.336852686,-0.033950836,-0.637089698,-0.033950836,4,4,15,7,-0.033950836,-0.033950836,-0.223131447,-0.416106317,-0.567435897,110,249,0.05995954,0.266417403,0.706711747,0.195612969,0.056956324,22,3,28,3,0.056956324,0.145137506,0.420708713,0.706711747,0.48123345
I01,VEB,107,256,0.110883511,0.302664676,-0.343596144,-0.76101968,-0.343596144,3,5,15,7,-0.343596144,-0.343596144,-0.531337852,-0.531337852,-0.683554479,107,256,0.037053344,0.156677611,0.696983947,0.106163214,0.023457384,24,4,31,3,0.023457384,0.053849439,0.253515031,0.657318207,0.458013773
I01,VEB,101,266,0.133822643,0.369692959,-0.413865936,-0.865325406,-0.413865936,3,4,16,9,-0.413865936,-0.413865936,-0.622459097,-0.622459097,-0.783468498,101,266,0.01809204,-0.39212934,0.719519543,-0.581841478,0.003012399,35,4,47,8,0.003012399,0.211911502,0.719519543,0.222053001,0.02367052
I01,VEB,102,242,0.086195513,0.258438571,-0.434184567,-0.925205769,-0.434184567,4,5,17,8,-0.434184567,-0.434184567,-0.644194009,-0.817510173,-0.917412141,102,242,0.052220393,0.172848471,0.679392288,0.171920067,-0.143721974,45,44,90,1,-0.143721974,-0.076598296,0.016686624,0.141941624,0.679392288
I01,VEB,100,237,0.054105252,0.614636442,0.496736168,-0.33115476,-0.478513631,23,24,54,7,-0.478513631,-0.379820702,-0.108071569,0.292605208,0.36223804,100,237,0.148318968,0.123075732,0.445750398,0.008563,0.082189577,18,10,32,4,0.082189577,0.127180073,0.323392517,0.445750398,0.199858223
I01,VEB,102,253,0.188229513,0.339775297,-0.348472764,-0.784312802,-0.348472764,3,5,17,9,-0.348472764,-0.348472764,-0.549668807,-0.549668807,-0.70534657,102,253,0.003803695,0.103399274,0.666277778,0.08183552,-0.0010935,26,3,31,2,-0.0010935,0.071185748,0.391316549,0.666277778,0.368643233
I01,VEB,105,253,0.146935178,0.360384053,-0.467083486,-0.792397809,-0.467083486,3,5,15,7,-0.467083486,-0.467083486,-0.645401161,-0.645401161,-0.76221847,105,253,-0.073219118,0.16849216,0.672211204,0.166068226,-0.074541066,41,2,44,1,-0.074541066,-0.013973923,0.006277015,0.161008941,0.672211204
I01,VEB,116,237,0.202080512,0.525555069,0.414542732,-0.396025877,0.178801435,17,3,27,7,0.178801435,0.219744063,0.342451078,0.401042663,0.12793705,116,237,0.023490635,0.207398342,0.618387724,0.08805208,-0.048814656,28,5,38,5,-0.048814656,0.045445663,0.099142155,0.312926032,0.597495595
I01,VEB,118,215,0.405990351,0.342666837,-0.05519283,-0.786074164,-0.05519283,4,4,15,7,-0.05519283,-0.05519283,-0.32673892,-0.574765536,-0.74034252,118,215,0.085554388,0.252268195,0.620572991,0.238299167,0.030539898,21,3,26,2,0.030539898,0.158885575,0.395293755,0.616307243,0.450537749
I01,VEB,104,215,0.324540427,0.383161863,-0.181653721,-0.577586381,-0.181653721,3,5,15,7,-0.181653721,-0.181653721,-0.373770709,-0.373770709,-0.518154324,104,215,0.068546944,0.118228076,0.586503649,0.064366508,0.045278945,20,5,29,4,0.045278945,0.161546084,0.446403501,0.578757719,0.264978178
I01,VEB,116,248,0.27207994,0.224688977,-0.089542447,-0.625511179,-0.089542447,4,4,15,7,-0.089542447,-0.089542447,-0.299582577,-0.487646762,-0.605916383,116,248,0.019076851,0.199000563,0.588299485,0.166397493,-0.008530689,24,4,31,3,-0.008530689,0.041522839,0.251609949,0.560874246,0.384172084
I01,VEB,107,239,0.298028564,0.27079334,-0.012856432,-0.617845743,-0.012856432,4,3,14,7,-0.012856432,-0.012856432,-0.211597078,-0.40650604,-0.553542099,107,239,0.056361289,0.185357372,0.555258817,0.161454843,0.041955609,21,5,29,3,0.041955609,0.105600098,0.340652443,0.544900196,0.392125192
I01,VEB,99,241,0.186770384,0.353963406,-0.216778952,-0.699044594,-0.216778952,4,4,15,7,-0.216778952,-0.216778952,-0.409451181,-0.576916125,-0.681528581,99,241,0.054614436,0.151503843,0.623213968,0.15053063,0.050741575,25,3,29,1,0.050741575,0.07586981,0.314774887,0.61937476,0.344762736
I01,VEB,101,236,0.060176868,0.355291592,-0.402137115,-0.882576559,-0.402137115,3,5,16,8,-0.402137115,-0.402137115,-0.605043224,-0.605043224,-0.780529729,101,236,0.079508752,0.155681983,0.717664054,0.147514882,0.040274932,24,5,31,2,0.040274932,0.077619573,0.341942575,0.703001802,0.449902536
I01,VEB,106,220,0.263748113,0.331760247,-0.144863148,-0.621292372,-0.144863148,4,4,15,7,-0.144863148,-0.144863148,-0.346193553,-0.518610409,-0.619220413,106,220,0.083067136,0.123463873,0.48505149,0.071455697,0.063802925,20,4,28,4,0.063802925,0.118786111,0.310581001,0.48505149,0.268851167
I01,VEB,114,234,0.158752011,0.324075645,-0.120751933,-0.659851867,-0.120751933,4,3,14,7,-0.120751933,-0.120751933,-0.30868878,-0.491269849,-0.620253744,114,234,0.04052703,0.161108603,0.545014047,0.051685433,-0.003919124,24,8,37,5,-0.003919124,0.002390479,0.20004246,0.521809411,0.375638891
I01,VEB,106,253,0.165900141,0.355331091,-0.312175677,-0.75433719,-0.312175677,3,4,15,8,-0.312175677,-0.312175677,-0.512345657,-0.512345657,-0.671935725,106,253,0.020441267,-0.307915168,0.636844867,-0.500146955,0.006691478,34,7,47,6,0.006691478,0.23487316,0.636844867,0.201766471,0.054992658
I01,VEB,111,203,0.100630861,0.350989548,-0.474395404,-0.852919671,-0.474395404,3,4,14,7,-0.474395404,-0.474395404,-0.676676221,-0.676676221,-0.814871808,111,203,0.136656495,0.166769611,0.608669135,0.164754607,0.105977609,21,6,29,2,0.105977609,0.177300452,0.424258995,0.608669135,0.369027424
I01,VEB,102,255,0.166615035,0.37831754,-0.334117852,-0.76847532,-0.334117852,3,4,16,9,-0.334117852,-0.334117852,-0.530295504,-0.530295504,-0.685088645,102,255,0.010960286,-0.348846619,0.624682908,-0.484974881,-0.033103519,35,4,49,10,-0.033103519,0.245645607,0.62375582,0.198229273,0.022105252
I01,VEB,102,247,0.185332549,0.304313168,-0.18148462,-0.741697398,-0.18148462,4,4,15,7,-0.18148462,-0.18148462,-0.38663048,-0.575597068,-0.703721553,102,247,0.035072272,0.119457599,0.575224733,0.113113318,0.016887996,22,5,29,2,0.016887996,0.087256914,0.3344395,0.575224733,0.320647168
I01,VEB,101,260,0.007810981,0.179637446,-0.794872743,-1.012006911,-0.794872743,2,6,16,8,-0.794872743,-0.794872743,-0.794872743,-0.946500251,-0.946500251,101,260,0.016316264,0.174265593,0.667218986,0.166154219,0.015371106,23,1,26,2,0.015371106,0.064505752,0.374739602,0.642901936,0.422397798
I01,VEB,104,227,0.218982485,0.283159328,-0.231005503,-0.837014019,-0.231005503,4,4,15,7,-0.231005503,-0.231005503,-0.463276665,-0.674670717,-0.812052228,104,227,0.018026747,0.160958035,0.625601906,0.132306301,0.012764892,30,3,36,3,0.012764892,0.039675568,0.060242376,0.374774255,0.548849736
I01,VEB,99,255,0.132291558,0.340284982,-0.307390374,-0.770834631,-0.307390374,4,4,15,7,-0.307390374,-0.307390374,-0.506848207,-0.671944842,-0.766535958,99,255,0.032060215,-0.351607671,0.652017053,-0.497429007,0.029454948,37,3,47,7,0.029454948,0.124597113,0.611735689,0.202821798,0.070283137
I01,VEB,105,248,0.121789647,0.209975906,-0.364606599,-0.796310681,-0.364606599,3,5,17,9,-0.364606599,-0.364606599,-0.560011074,-0.560011074,-0.71775561,105,248,0.016280762,0.083336372,0.612464899,0.032887584,-0.046473395,27,5,35,3,-0.046473395,0.019703135,0.16029553,0.574330219,0.430225184
I01,VEB,104,247,0.283407265,0.295120822,-0.222021189,-0.664087593,-0.222021189,3,5,16,8,-0.222021189,-0.222021189,-0.423260169,-0.423260169,-0.582698503,104,247,0.022183477,0.156431915,0.533869415,0.100551152,-0.008137393,22,7,32,3,-0.008137393,0.05204632,0.253181822,0.532648907,0.341934385
I01,VEB,109,223,0.194948309,0.355839825,-0.10426327,-0.698604313,-0.10426327,4,4,15,7,-0.10426327,-0.10426327,-0.296438623,-0.489506303,-0.636760211,109,223,0.035881846,0.127265826,0.61781086,0.061251044,0.030014013,21,3,28,4,0.030014013,0.102396925,0.3279453,0.57632681,0.468490517
I01,VEB,102,233,0.184164386,0.27921787,-0.193964043,-0.623791719,-0.193964043,3,4,14,7,-0.193964043,-0.193964043,-0.37933788,-0.37933788,-0.537431005,102,233,0.090511446,0.169609831,0.571924803,0.132807659,0.070569602,21,5,29,3,0.070569602,0.134464494,0.356741037,0.55976043,0.418865635
I01,VEB,115,248,-0.115127797,0.262498832,0.291897042,-0.615314912,-0.11715303,21,2,30,7,-0.11715303,-0.088421502,0.025489145,0.254154648,0.132367871,115,248,0.04154072,0.202645761,0.58785411,0.174260302,0.029431244,22,9,35,4,0.029431244,0.068320563,0.280734227,0.572257576,0.43609355
I01,VEB,101,245,0.216780141,0.296701655,-0.057302837,-0.78639739,-0.057302837,5,3,16,8,-0.057302837,-0.263543758,-0.483111899,-0.667810745,-0.775906274,101,245,0.04408811,0.156730256,0.625799637,0.11697953,0.029759421,20,2,25,3,0.029759421,0.129710228,0.445557116,0.625799637,0.354392121
I01,VEB,104,247,0.162449127,0.382650072,-0.409314496,-0.832522464,-0.409314496,3,4,15,8,-0.409314496,-0.409314496,-0.614171064,-0.614171064,-0.765358889,104,247,0.198058719,0.139078468,0.602482573,0.132054806,-0.406842896,38,22,63,3,-0.406842896,-0.105822386,0.034014616,0.198001236,0.58919989
I01,VEB,104,257,0.197606034,0.408568179,-0.372874795,-0.823583479,-0.372874795,3,4,16,9,-0.372874795,-0.372874795,-0.583312864,-0.583312864,-0.743226547,104,257,0.065978805,0.117551716,0.641113294,0.114029803,0.065185318,27,2,31,2,0.065185318,0.07798166,0.135853718,0.548770546,0.508395943
I01,VEB,104,224,-0.08466758,0.773790936,-0.249817148,-0.647234922,-0.249817148,4,3,15,8,-0.249817148,-0.249817148,-0.391430537,-0.533223445,-0.630750519,104,224,0.209826564,-0.003241526,0.564262871,-0.010557791,0.186171871,19,4,25,2,0.186171871,0.25247117,0.476845362,0.542180005,0.179252794
I01,VEB,102,225,0.334448929,0.433085653,-0.00498254,-0.668590516,-0.00498254,4,3,15,8,-0.00498254,-0.00498254,-0.2229219,-0.436915643,-0.5984225,102,225,0.025654218,0.140925775,0.506531476,0.122691943,0.009024442,21,6,30,3,0.009024442,0.051500879,0.247181604,0.486172619,0.372012778
I01,VEB,104,251,0.183396021,0.375936053,-0.353429156,-0.841417206,-0.353429156,4,5,17,8,-0.353429156,-0.353429156,-0.562822982,-0.736080915,-0.836189381,104,251,0.053877505,0.136835631,0.684856247,0.13224396,0.047048508,23,3,27,1,0.047048508,0.122143905,0.413678876,0.67242762,0.353280479
I01,VEB,123,237,-0.028142431,0.312168502,0.287466525,-0.770959226,-0.030681239,16,2,25,7,-0.030681239,0.008153618,0.17803369,0.287466525,-0.090060051,123,237,0.020373229,0.132201756,0.556153976,0.09277054,0.01443783,18,3,24,3,0.01443783,0.123257629,0.420146249,0.556153976,0.310723088
I01,VEB,108,232,0.294896479,0.276331396,-0.088904178,-0.699363193,-0.088904178,4,4,15,7,-0.088904178,-0.088904178,-0.308841797,-0.514080278,-0.655849192,108,232,0.015185229,0.152330845,0.560311363,0.12765346,0.011632828,21,2,26,3,0.011632828,0.09648127,0.364036736,0.560311363,0.360748782
I01,VEB,116,219,0.224128853,0.372574792,-0.13293922,-0.631281274,-0.13293922,4,4,15,7,-0.13293922,-0.13293922,-0.334772292,-0.514957123,-0.624093423,116,219,0.108025507,0.160764081,0.602315691,0.120751472,0.051050383,20,7,30,3,0.051050383,0.178203288,0.457887628,0.597099682,0.282882863
I01,VEB,103,262,0.135789381,0.319992346,-0.527643932,-0.800749643,-0.527643932,3,5,15,7,-0.527643932,-0.527643932,-0.696380485,-0.696380485,-0.794743657,103,262,-0.065676471,0.085150762,0.6133904,0.076214129,-0.095456982,52,6,61,3,-0.095456982,-0.070005239,0.015269184,0.034273074,0.527775085
I01,VEB,117,241,-0.115541912,0.249067549,0.281552544,-0.595846553,-0.127130612,23,4,33,6,-0.127130612,-0.083713447,0.00304542,0.208590398,0.065235974,117,241,0.045107268,0.172343353,0.635814744,0.137246634,0.034802558,20,3,27,4,0.034802558,0.131769315,0.413230001,0.635814744,0.382606627
I01,VEB,102,254,0.096120362,0.330505701,-0.330886722,-0.971811493,-0.330886722,4,7,20,9,-0.330886722,-0.330886722,-0.530145563,-0.728493396,-0.886575421,102,254,-0.024277912,0.149779229,0.70491607,0.149100482,-0.041925744,30,3,34,1,-0.041925744,0.014370499,0.155747255,0.686828435,0.392175596
I01,VEB,110,209,0.056446738,0.586854557,0.93520207,-0.288397604,-0.779134514,33,23,62,6,-0.779134514,-0.332274125,-0.000132102,0.455179461,0.891361752,110,209,0.21711425,0.082187826,0.457779459,0.005404718,-0.134045963,19,19,42,4,-0.134045963,-0.091744284,0.155695798,0.451630976,0.245698582
I01,VEB,104,243,0.214539412,0.234899244,-0.198302701,-0.687127648,-0.198302701,4,4,15,7,-0.198302701,-0.198302701,-0.402666688,-0.577416273,-0.680375504,104,243,0.060023915,0.189985898,0.601755856,0.166345182,0.050115914,22,5,30,3,0.050115914,0.091421428,0.288789586,0.582621945,0.447323383
I01,VEB,120,227,0.308305787,0.30740797,-0.126464823,-0.627704471,-0.126464823,4,4,15,7,-0.126464823,-0.126464823,-0.338222292,-0.517756991,-0.622152391,120,227,0.063739759,0.163709878,0.609898985,0.124070136,0.027109307,20,7,31,4,0.027109307,0.123742423,0.398854352,0.609898985,0.365139388
I01,VEB,98,218,0.260487361,0.271969804,-0.101701695,-0.798689053,-0.101701695,4,4,15,7,-0.101701695,-0.101701695,-0.326656617,-0.547558001,-0.717561721,98,218,0.051481441,0.200012086,0.608085177,0.150409439,0.004200646,20,6,29,3,0.004200646,0.096716939,0.397693847,0.608085177,0.359501666
I01,VEB,101,255,0.157952941,0.300256133,-0.194564591,-0.85701462,-0.194564591,4,4,16,8,-0.194564591,-0.194564591,-0.412169641,-0.62359092,-0.783032404,101,255,0.036696846,-0.31032112,0.584289734,-0.460507203,0.031627263,36,5,48,7,0.031627263,0.135128719,0.556853475,0.247145333,0.113391651
I01,VEB,116,226,0.319439384,0.252836236,-0.013015557,-0.64577553,-0.013015557,4,3,14,7,-0.013015557,-0.013015557,-0.225489422,-0.43258553,-0.585185749,116,226,0.058627278,0.192372536,0.596152448,0.169760761,0.036478344,23,8,34,3,0.036478344,0.060519236,0.320886529,0.562095193,0.406415721
I01,VEB,104,241,0.156043908,0.342322724,-0.108147655,-0.738334652,-0.108147655,5,3,15,7,-0.108147655,-0.285278132,-0.472069848,-0.632058287,-0.729381837,104,241,0.048696764,0.179138303,0.62411439,0.13326123,0.028135518,21,4,29,4,0.028135518,0.113095463,0.392052892,0.622010307,0.414174338
I01,VEB,116,250,0.260214055,0.245752788,-0.023104188,-0.599878874,-0.023104188,4,3,14,7,-0.023104188,-0.023104188,-0.216433572,-0.407110007,-0.546998312,116,250,-0.022429233,0.280479394,0.656464495,0.077630361,-0.024292015,18,1,24,5,-0.024292015,0.065418611,0.46199982,0.656464495,0.41148166
I01,VEB,91,237,0.225460053,-0.781131642,-1.013254059,-1.120679817,-1.013254059,2,26,33,5,-1.013254059,-1.013254059,-1.013254059,-1.100426546,-1.100426546,91,237,-0.074644583,0.708247019,0.67633179,0.67633179,-0.183879595,31,18,51,2,-0.183879595,-0.111648483,-0.02634397,0.021803744,0.268072876
I01,VEB,120,223,0.330937995,0.347018551,-0.133410952,-0.675216287,-0.133410952,4,4,15,7,-0.133410952,-0.133410952,-0.359148348,-0.551756659,-0.665845151,120,223,0.039075383,0.14872972,0.609955506,0.130932382,0.011345903,20,6,29,3,0.011345903,0.116563148,0.39405649,0.609955506,0.353916298
I01,VEB,96,222,0.224860654,0.200876445,-0.335571119,-0.70536515,-0.335571119,3,5,15,7,-0.335571119,-0.335571119,-0.523590272,-0.523590272,-0.658056279,96,222,0.045550736,0.162355645,0.54184297,0.104736688,0.02164226,20,5,29,4,0.02164226,0.096218069,0.334072049,0.54184297,0.339668992
I01,VEB,103,245,0.221135878,0.358921171,-0.380400124,-0.744554075,-0.380400124,3,5,16,8,-0.380400124,-0.380400124,-0.566114553,-0.566114553,-0.696455621,103,245,0.044699915,0.142548126,0.634833683,0.131032747,-0.103474219,51,38,91,2,-0.103474219,-0.080684075,0.016721234,0.048462606,0.556329286
I01,VEB,95,222,0.297509527,0.361438625,-0.025026455,-0.650998501,-0.025026455,4,4,15,7,-0.025026455,-0.025026455,-0.229474866,-0.433213594,-0.587432918,95,222,0.073585751,0.133193931,0.544671974,0.129485204,0.058480154,21,5,28,2,0.058480154,0.127121763,0.318821178,0.534185061,0.369835923
I01,VEB,105,260,0.152046523,0.336464757,-0.393956323,-0.830857106,-0.393956323,3,5,16,8,-0.393956323,-0.393956323,-0.597589552,-0.597589552,-0.755575555,105,260,0.039715982,0.077285241,0.59137195,0.067672372,0.039326912,26,2,31,3,0.039326912,0.042202227,0.161805403,0.520902402,0.447492695
I01,VEB,102,230,0.195401136,0.288714822,-0.115295969,-0.683590322,-0.115295969,4,4,15,7,-0.115295969,-0.115295969,-0.306902708,-0.492817546,-0.629926309,102,230,0.041646366,0.166646513,0.619965905,0.127817564,0.039328247,21,2,26,3,0.039328247,0.110783986,0.389399399,0.618999509,0.407154266
I01,VEB,102,251,0.177421346,0.39747427,-0.445798321,-0.907341858,-0.445798321,3,5,16,8,-0.445798321,-0.445798321,-0.664109864,-0.664109864,-0.829628836,102,251,0.035816743,-0.337163214,0.618142701,-0.460846951,0.027320969,34,4,44,6,0.027320969,0.165548526,0.618142701,0.062938574,-0.070619313
I01,VEB,108,235,0.254572433,0.213033144,0.369534363,-0.668174897,-0.10419621,28,28,62,6,-0.10419621,-0.080452322,-0.028345999,0.164124731,0.231071334,108,235,0.023383978,0.172817428,0.511811932,0.14363208,0.018825674,20,3,26,3,0.018825674,0.102541864,0.347176247,0.511811932,0.288620376
I01,VEB,104,248,0.339681596,0.582544028,-0.033326028,-0.521423359,-0.033326028,4,4,15,7,-0.033326028,-0.033326028,-0.226581355,-0.398321958,-0.506058755,104,248,0.032816339,0.109110739,0.585752806,0.100090485,0.011793519,23,8,33,2,0.011793519,0.033415417,0.276830692,0.543323766,0.405418133
I01,VEB,103,255,0.123281145,0.195233836,-0.456451025,-0.878193731,-0.456451025,3,5,16,8,-0.456451025,-0.456451025,-0.662008458,-0.662008458,-0.812043722,103,255,0.069131282,0.144712708,0.626809511,0.109672723,0.050993188,21,4,29,4,0.050993188,0.15864734,0.417094076,0.626809511,0.384880824
I01,VEB,115,205,0.248758133,0.272762809,-0.237855389,-0.763158832,-0.237855389,3,4,15,8,-0.237855389,-0.237855389,-0.465432397,-0.465432397,-0.656328883,115,205,0.07323819,0.083534213,0.60763301,0.064930598,0.042344996,28,7,38,3,0.042344996,0.058134012,0.120730152,0.411784065,0.494525564
I01,VEB,104,252,0.215131547,0.37305714,-0.206671745,-0.744613631,-0.206671745,4,4,16,8,-0.206671745,-0.206671745,-0.410508851,-0.591170037,-0.71036223,104,252,0.144923638,0.172745195,0.593204455,0.070086934,0.143165568,19,1,24,4,0.143165568,0.21020291,0.449104879,0.581760683,0.401397477
I01,VEB,104,253,0.185402791,0.421504933,-0.263893419,-0.727845618,-0.263893419,4,5,17,8,-0.263893419,-0.263893419,-0.455709081,-0.617667877,-0.714264468,104,253,0.167366096,0.210245238,0.722700185,0.181434916,0.120791468,18,4,26,4,0.120791468,0.198403407,0.515382054,0.721199455,0.480841202
I01,VEB,101,262,0.101229659,0.251768831,-0.470403493,-0.880859591,-0.470403493,3,5,16,8,-0.470403493,-0.470403493,-0.669943228,-0.669943228,-0.816126452,101,262,-0.093701499,-0.380453788,0.605170558,-0.56790142,-0.119964062,56,6,70,8,-0.119964062,-0.04258319,0.00680902,0.523944057,0.086922948
I01,VEB,118,232,0.357540933,0.23606045,-0.023296592,-0.610114134,-0.023296592,4,4,15,7,-0.023296592,-0.023296592,-0.232765587,-0.431112287,-0.569099909,118,232,-0.031571195,0.183199283,0.593732685,0.113852288,-0.031982187,22,1,27,4,-0.031982187,0.009677437,0.235353876,0.58487195,0.388324563
I01,VEB,102,254,0.152292903,0.379316564,-0.462348612,-0.905678143,-0.462348612,3,5,17,9,-0.462348612,-0.462348612,-0.671714829,-0.671714829,-0.83030947,102,254,-0.049751848,0.095045556,0.6044064,0.080891187,-0.056151538,24,4,30,2,-0.056151538,-0.002436997,0.251620654,0.58317095,0.323897942
I01,VEB,100,243,0.157365147,0.35218976,-0.450811546,-0.873119361,-0.450811546,3,5,16,8,-0.450811546,-0.450811546,-0.655358524,-0.655358524,-0.807837558,100,243,0.025715699,0.101751377,0.620236475,0.098541768,0.023318296,26,4,32,2,0.023318296,0.050641791,0.257584305,0.58880993,0.427502754
I01,VEB,110,232,-0.091254293,0.244556831,0.321032889,-0.66125493,-0.091305074,19,1,27,7,-0.091305074,-0.077825047,0.08263674,0.321032889,-0.096667755,110,232,0.033733349,0.185459906,0.602267136,0.154393773,0.025196637,26,5,34,3,0.025196637,0.028654904,0.134889261,0.450824887,0.54350399
I01,VEB,102,251,0.13665848,0.325594593,-0.598442899,-0.890521354,-0.598442899,3,6,16,7,-0.598442899,-0.598442899,-0.77674684,-0.77674684,-0.881838415,102,251,0.021187469,0.051378879,0.611228729,0.041689267,0.020182962,27,3,32,2,0.020182962,0.025125234,0.132862088,0.581183984,0.384028291
I01,VEB,107,268,0.154274705,0.296474006,-0.076923248,-0.66652229,-0.076923248,4,3,14,7,-0.076923248,-0.076923248,-0.255734205,-0.443332292,-0.593580657,107,268,0.074300615,0.175982592,0.721940607,0.120124603,0.04666065,24,5,33,4,0.04666065,0.084843937,0.299559028,0.69115956,0.492168769
I01,VEB,114,211,0.259237886,0.229535736,-0.363490404,-0.840992163,-0.363490404,3,4,14,7,-0.363490404,-0.363490404,-0.597989147,-0.597989147,-0.770798103,114,211,0.051491601,0.145953666,0.622358255,0.142560715,0.031468465,21,4,27,2,0.031468465,0.112919934,0.366418805,0.615207437,0.412204914
I01,VEB,120,204,0.411070653,0.364304808,-0.039447247,-0.685069599,-0.039447247,4,4,15,7,-0.039447247,-0.039447247,-0.281735709,-0.501362328,-0.646944258,120,204,0.046505186,0.07290097,0.587925874,0.071874093,0.011399504,24,9,34,1,0.011399504,0.032904316,0.241233427,0.566812617,0.298193809
I01,VEB,107,239,0.304861525,0.285580211,-0.002046457,-0.715299001,-0.002046457,4,3,15,8,-0.002046457,-0.002046457,-0.222977259,-0.447567564,-0.625514333,107,239,0.035282185,0.135588913,0.539990262,0.135108435,0.017241884,21,11,33,1,0.017241884,0.067570773,0.287924879,0.539990262,0.336918578
I01,VEB,104,241,0.587268901,0.371348905,-0.365664497,-0.82606362,-0.365664497,3,18,29,8,-0.365664497,-0.365664497,-0.586199827,-0.586199827,-0.74991378,104,241,0.14160974,0.102964461,0.651473611,0.092636858,-0.205570018,28,28,58,2,-0.205570018,-0.163123966,0.074173211,0.545334224,0.41764068
I01,VEB,114,241,0.257629158,0.325224592,-0.091219176,-0.615837997,-0.091219176,4,4,15,7,-0.091219176,-0.091219176,-0.291437938,-0.475717507,-0.59557396,114,241,0.026280508,0.193275754,0.631129859,0.139205511,-0.003872064,26,6,35,3,-0.003872064,0.028056244,0.224058434,0.57295183,0.481302678
I01,VEB,116,257,0.12884218,0.249498616,-0.369705581,-0.685658682,-0.369705581,3,5,15,7,-0.369705581,-0.369705581,-0.538279458,-0.538279458,-0.65488302,116,257,0.067399435,0.18860637,0.639587271,0.114364972,-0.210937914,33,19,56,4,-0.210937914,-0.018389269,0.062984944,0.356616576,0.593276669
I01,VEB,103,230,0.125505066,0.1987561,-0.364519763,-0.84740763,-0.364519763,3,4,15,8,-0.364519763,-0.364519763,-0.581754505,-0.581754505,-0.754326896,103,230,0.059872254,0.189932863,0.620249518,0.186031765,0.053127138,23,3,28,2,0.053127138,0.089110282,0.340951219,0.592688608,0.420673098
I01,VEB,109,209,0.268556253,0.303881013,-0.155820665,-0.650452395,-0.155820665,3,4,14,7,-0.155820665,-0.155820665,-0.364618049,-0.364618049,-0.546004778,109,209,-0.000247129,0.173503864,0.611708604,0.070039774,-0.157978284,44,25,74,5,-0.157978284,-0.022590405,0.033047486,0.100789471,0.583146847
I01,VEB,117,238,0.271443494,0.317183754,-0.295224299,-0.868444209,-0.295224299,3,4,15,8,-0.295224299,-0.295224299,-0.550363963,-0.550363963,-0.759189717,117,238,0.099171308,0.166551949,0.611636788,0.10695183,0.096355587,21,2,26,3,0.096355587,0.185350135,0.419480742,0.611636788,0.35986703
I01,VEB,101,250,0.118305168,0.344088525,-0.33430887,-0.752986991,-0.33430887,3,4,15,8,-0.33430887,-0.33430887,-0.523647254,-0.523647254,-0.674428895,101,250,0.11647328,0.015894539,0.624083157,0.008135977,-0.062016562,25,6,33,2,-0.062016562,0.068260242,0.345357471,0.624023403,0.25143673
I01,VEB,115,230,-0.113012198,0.363514885,0.291407456,-0.647960523,-0.117231949,30,3,40,7,-0.117231949,-0.063599071,0.031339685,0.132547044,0.223879876,115,230,0.040833724,0.182694299,0.627635178,0.152420968,0.040027577,22,2,27,3,0.040027577,0.090305856,0.318686505,0.624413339,0.415823653
I01,VEB,108,250,0.239143168,0.319711424,-0.137973543,-0.617813289,-0.137973543,4,4,14,6,-0.137973543,-0.137973543,-0.33450773,-0.50623651,-0.609620184,108,250,0.021022054,0.12245083,0.569732173,0.097739755,0.001146393,21,4,28,3,0.001146393,0.089787779,0.381873305,0.569732173,0.322960026
I01,VEB,121,229,0.25489252,0.260995345,-0.130274284,-0.755287252,-0.130274284,4,4,15,7,-0.130274284,-0.130274284,-0.347186264,-0.554726016,-0.703371422,121,229,0.018826633,0.184192895,0.676614719,0.14478586,0.003056069,21,9,33,3,0.003056069,0.078877432,0.336246201,0.646879936,0.497919099
I01,VEB,104,255,0.11404976,0.316995755,-0.264567242,-0.894360996,-0.264567242,4,4,16,8,-0.264567242,-0.264567242,-0.486710857,-0.693831433,-0.839242762,104,255,0.081596345,0.184567572,0.735183561,0.088658817,0.029080326,20,5,29,4,0.029080326,0.141731546,0.456678173,0.735183561,0.415709097
I01,VEB,101,227,0.217583193,0.268832911,-0.167984826,-0.653521703,-0.167984826,4,4,15,7,-0.167984826,-0.167984826,-0.359124983,-0.528360159,-0.635872666,101,227,0.042678557,-0.367617757,0.551831678,-0.492471329,0.037391487,38,4,49,7,0.037391487,0.054515064,0.422528633,0.346150185,0.109608009
I01,VEB,101,259,0.121625999,0.342655508,-0.594432462,-0.980208994,-0.594432462,3,5,16,8,-0.594432462,-0.594432462,-0.798200028,-0.798200028,-0.936312623,101,259,0.0325922,0.042469259,0.662623857,0.01492281,-0.01565293,22,7,32,3,-0.01565293,0.078015841,0.358388759,0.662623857,0.387745482
I01,VEB,118,215,0.274778135,0.271494348,-0.601866893,-0.665820935,-0.601866893,1,6,14,7,-0.601866893,-0.601866893,-0.601866893,-0.601866893,-0.601866893,118,215,0.060597933,0.165547193,0.649831509,0.160482938,0.038754127,22,5,28,1,0.038754127,0.101740682,0.366595255,0.649831509,0.365737401
I01,VEB,102,226,0.148243315,0.383364419,0.172612886,-0.737329305,-0.087067127,13,11,32,8,-0.087067127,-0.019896548,0.14629318,0.152042799,-0.294447406,102,226,-0.040213886,0.180200261,0.638874188,0.125924734,-0.043149283,29,3,35,3,-0.043149283,0.00755408,0.096811126,0.481670247,0.516034125
I01,VEB,110,252,0.278407179,0.37647984,-0.148170426,-0.683144672,-0.148170426,4,4,15,7,-0.148170426,-0.148170426,-0.369346045,-0.561770042,-0.676843418,110,252,0.049681075,0.128751754,0.526933142,0.089196504,0.035699924,21,3,27,3,0.035699924,0.118754524,0.360523266,0.526933142,0.301412903
I01,VEB,110,214,0.222722371,0.244845427,-0.229397569,-0.620003983,-0.229397569,3,5,16,8,-0.229397569,-0.229397569,-0.403615819,-0.403615819,-0.546450464,110,214,0.029016788,0.20063841,0.55716635,0.115840943,-0.010742801,22,6,32,4,-0.010742801,0.030609613,0.223413351,0.548843522,0.383732856
I01,VEB,104,256,0.155624574,0.335186223,-0.365069381,-0.76770614,-0.365069381,3,5,16,8,-0.365069381,-0.365069381,-0.556202842,-0.556202842,-0.701833478,104,256,0.050214409,0.0911615,0.632462414,0.073481187,0.046593081,25,4,32,3,0.046593081,0.058152859,0.269658783,0.615885631,0.34787358
I01,VEB,106,240,0.231578301,0.241766235,-0.272605849,-0.785146321,-0.272605849,3,4,14,7,-0.272605849,-0.272605849,-0.4971656,-0.4971656,-0.683224087,106,240,0.051264462,0.156860205,0.53830305,0.143981374,0.034790477,20,10,33,3,0.034790477,0.121679873,0.377719013,0.53830305,0.307674694
I01,VEB,98,222,-0.038686458,0.346516415,-0.257670284,-0.820441841,-0.257670284,4,3,15,8,-0.257670284,-0.257670284,-0.42881484,-0.608602828,-0.752283941,98,222,0.069921747,-0.295655195,0.590788769,-0.589590333,0.028408366,38,4,56,14,0.028408366,0.135048318,0.570520984,0.219877034,0.060308227
I01,VEB,109,253,0.171035284,0.253323216,-0.396151336,-0.842795287,-0.396151336,3,5,16,8,-0.396151336,-0.396151336,-0.609575239,-0.609575239,-0.771537673,109,253,0.102457834,0.18561999,0.59054014,0.126492398,0.024683997,20,5,29,4,0.024683997,0.238031923,0.490868136,0.59054014,0.395130018
I01,VEB,114,244,-0.15473363,0.040005491,0.231517599,-0.782895135,-0.197573091,22,10,39,7,-0.197573091,-0.118803814,-0.016959344,0.197523326,0.069327454,114,244,0.14010128,0.281105092,0.676655551,0.223126243,0.015402235,26,5,34,3,0.015402235,0.075185573,0.187380748,0.537630431,0.592897321
I01,VEB,100,244,0.144913838,0.365756661,-0.160227715,-0.834115715,-0.160227715,4,3,15,8,-0.160227715,-0.160227715,-0.366904601,-0.576594318,-0.744273684,100,244,0.058954514,0.207697583,0.736763744,0.192142781,0.041515193,23,3,28,2,0.041515193,0.070071743,0.369637274,0.708545727,0.499257103
I01,VEB,117,218,0.242798385,0.209258731,-0.25338145,-0.795960099,-0.25338145,4,4,15,7,-0.25338145,-0.25338145,-0.484836174,-0.678943395,-0.790979313,117,218,0.04082529,0.165370475,0.597132382,0.162920738,-0.005544957,24,15,40,1,-0.005544957,0.015237544,0.222138425,0.566601972,0.382755723
I01,VEB,105,242,0.233103342,0.32733728,-0.230392957,-0.785494916,-0.230392957,4,4,15,7,-0.230392957,-0.230392957,-0.451196751,-0.641107215,-0.760393633,105,242,-0.036714737,0.166776319,0.645216286,0.161182307,-0.109095368,42,8,52,2,-0.109095368,-0.00857517,0.021770993,0.233876213,0.634490537
I01,VEB,100,237,0.231663097,0.382048042,-0.189306581,-0.666018862,-0.189306581,4,4,15,7,-0.189306581,-0.189306581,-0.391797025,-0.562838035,-0.662149392,100,237,0.015614262,0.113108291,0.562614363,0.112430133,0.012052305,26,3,31,2,0.012052305,0.029112244,0.194586919,0.505269297,0.398454442
I01,VEB,111,245,0.178438101,0.320433485,-0.137617155,-0.645951441,-0.137617155,4,4,15,7,-0.137617155,-0.137617155,-0.318161638,-0.491368098,-0.612640356,111,245,0.062528921,0.159562889,0.611033525,0.124136637,0.040852798,23,4,31,4,0.040852798,0.059650052,0.312895599,0.585590949,0.393918287
I01,VEB,101,240,0.198748581,0.27531546,-0.468921649,-0.872591889,-0.468921649,3,5,16,8,-0.468921649,-0.468921649,-0.67835387,-0.67835387,-0.822360117,101,240,-0.091808731,0.16407772,0.58042203,0.16370426,-0.100771064,42,5,48,1,-0.100771064,-0.039244702,0.016921411,0.106411389,0.58042203
I01,VEB,112,237,-0.096532922,0.336537809,0.322921498,-0.548873956,-0.11724893,26,4,37,7,-0.11724893,-0.090036362,-0.024511252,0.168246416,0.283207689,112,237,0.045670828,0.217985029,0.636760633,0.189682444,0.04247036,20,2,25,3,0.04247036,0.133873405,0.45821139,0.636760633,0.366420635
I01,VEB,102,237,0.626918589,0.347113767,-0.356946528,-0.791270923,-0.356946528,3,18,29,8,-0.356946528,-0.356946528,-0.576855859,-0.576855859,-0.732162002,102,237,-0.170338261,0.172679549,0.591974281,0.143373227,-0.182207655,27,5,35,3,-0.182207655,-0.15656716,-0.01751948,0.429466291,0.52968253
I01,VEB,102,231,0.176376471,0.256431069,-0.101097641,-0.707524945,-0.101097641,4,3,14,7,-0.101097641,-0.101097641,-0.293285187,-0.487062462,-0.637562851,102,231,0.062879015,0.202171878,0.556317369,0.16270693,0.04689834,21,9,34,4,0.04689834,0.083727896,0.279512269,0.526784946,0.450968769
I01,VEB,103,237,0.160548397,0.105535755,-0.462017773,-1.017682589,-0.462017773,3,4,15,8,-0.462017773,-0.462017773,-0.711646171,-0.711646171,-0.911027723,103,237,0.052518521,0.213435032,0.630338019,0.188020096,0.051653505,22,2,26,2,0.051653505,0.097744217,0.316271678,0.630338019,0.408538196
I01,VEB,100,233,0.18060369,0.328842834,-0.194270112,-0.767114266,-0.194270112,4,4,15,7,-0.194270112,-0.194270112,-0.404218225,-0.598580289,-0.729867288,100,233,0.052723358,0.17102414,0.666826924,0.107835204,0.01510039,22,6,31,3,0.01510039,0.128883669,0.407082249,0.661458309,0.445568189
I01,VEB,104,253,0.114171934,0.387872991,-0.228748026,-0.749925478,-0.228748026,4,4,15,7,-0.228748026,-0.228748026,-0.423298372,-0.600380441,-0.718049376,104,253,0.021457389,0.110410809,0.600743166,0.083878039,-0.031145437,22,5,30,3,-0.031145437,0.144178129,0.401357771,0.600743166,0.354243549
I01,VEB,99,241,0.040407076,0.267816056,-0.485508502,-0.891595285,-0.485508502,3,4,15,8,-0.485508502,-0.485508502,-0.685984272,-0.685984272,-0.832580141,99,241,0.041982267,0.220748138,0.709390126,0.212940534,0.038117306,23,3,28,2,0.038117306,0.078401142,0.391703868,0.685677238,0.463961885
I01,VEB,110,249,0.103406007,0.35127384,-0.358312185,-0.62789878,-0.358312185,3,6,16,7,-0.358312185,-0.358312185,-0.508534898,-0.508534898,-0.608756856,110,249,0.085795937,0.119038084,0.6068544,0.083705276,0.063124486,21,8,32,3,0.063124486,0.145193643,0.431729125,0.6068544,0.364578499
I01,VEB,110,246,0.261844475,0.254539319,-0.161541176,-0.686397161,-0.161541176,4,4,15,7,-0.161541176,-0.161541176,-0.371560557,-0.554320483,-0.66821537,110,246,-0.001037121,0.244115412,0.62675524,0.230993097,-0.023925186,28,5,36,3,-0.023925186,0.001388307,0.140063551,0.486216054,0.535621663
I01,VEB,104,247,0.170742419,0.343893835,-0.554558252,-0.802475243,-0.554558252,2,5,15,8,-0.554558252,-0.554558252,-0.554558252,-0.717690269,-0.717690269,104,247,0.049479113,0.124643254,0.610371558,0.108501567,0.04566141,22,3,28,3,0.04566141,0.117347058,0.363537745,0.610371558,0.344376528
I01,VEB,101,258,0.127110482,0.343536444,-0.446306512,-0.913500783,-0.446306512,3,5,17,9,-0.446306512,-0.446306512,-0.656464561,-0.656464561,-0.823834905,101,258,0.01826555,0.038077643,0.614054525,0.028808018,0.015838995,25,3,30,2,0.015838995,0.051870608,0.299861206,0.614054525,0.294175184
I01,VEB,101,255,0.154335516,0.481447946,-0.344168904,-0.786489348,-0.344168904,3,4,16,9,-0.344168904,-0.344168904,-0.545571851,-0.545571851,-0.703346024,101,255,0.038614838,0.161269919,0.709808217,0.121219451,0.006073291,21,5,29,3,0.006073291,0.109548211,0.422721007,0.686380758,0.519131543
I01,VEB,101,223,-0.070290797,0.149946585,-0.585522332,-0.994325747,-0.585522332,3,4,15,8,-0.585522332,-0.585522332,-0.784189614,-0.784189614,-0.93243942,101,223,0.182983689,0.21691127,0.653475405,0.215726949,0.172890685,23,5,29,1,0.172890685,0.216856283,0.448234009,0.652112411,0.37572612
I01,VEB,100,243,0.094515572,0.258701705,-0.419962433,-0.791307912,-0.419962433,3,5,16,8,-0.419962433,-0.419962433,-0.603218841,-0.603218841,-0.737011476,100,243,0.10234294,-0.387882738,0.61025809,-0.491449256,0.03857803,38,4,48,6,0.03857803,0.132311218,0.523820885,0.352402485,0.111517602
I01,VEB,102,241,0.110171033,0.462988986,-0.212786494,-0.717776503,-0.212786494,4,3,15,8,-0.212786494,-0.212786494,-0.411732299,-0.587526407,-0.69706563,102,241,0.054431632,-0.075998845,0.57501712,-0.093870826,-0.023794839,24,5,31,2,-0.023794839,0.213553843,0.512820661,0.47026762,0.056691425
I01,VEB,106,246,0.169182116,0.309958814,-0.391719494,-0.712541977,-0.391719494,3,5,15,7,-0.391719494,-0.391719494,-0.567884726,-0.567884726,-0.685709953,106,246,0.069252923,0.124499228,0.550245701,0.089192474,0.029595077,21,6,30,3,0.029595077,0.093276681,0.324732443,0.549869943,0.357920315
I01,VEB,106,241,0.042235518,0.259271363,-0.035834842,-0.786731853,-0.035834842,5,2,15,8,-0.035834842,-0.149857921,-0.317265348,-0.510925671,-0.684198707,106,241,-0.010064261,0.248499594,0.671138381,0.097300942,-0.043232052,20,5,30,5,-0.043232052,0.106091378,0.368784595,0.612619105,0.50269206
I01,VEB,103,257,0.086625093,0.328199755,-0.519701769,-0.874307821,-0.519701769,3,5,16,8,-0.519701769,-0.519701769,-0.708747736,-0.708747736,-0.83661991,103,257,-0.051957543,-0.362691875,0.694820224,-0.577475722,-0.062887943,55,6,70,9,-0.062887943,0.000999982,0.054146813,0.677967925,0.102482802
I01,VEB,103,240,0.215304974,0.34431764,-0.147402126,-0.791873744,-0.147402126,4,4,15,7,-0.147402126,-0.147402126,-0.360101978,-0.566713462,-0.722625296,103,240,-0.003359326,0.019782858,0.553305081,0.018530889,-0.015115295,22,5,28,1,-0.015115295,0.085758244,0.379058897,0.532998082,0.208594325
I01,VEB,103,213,0.168782847,0.334125807,-0.273123437,-0.706916045,-0.273123437,3,4,15,8,-0.273123437,-0.273123437,-0.465997166,-0.465997166,-0.622255615,103,213,0.112332066,0.131567401,0.549505633,0.105685966,0.084542466,20,5,28,3,0.084542466,0.18552672,0.411884852,0.549505633,0.291890547
I01,VEB,101,258,0.085108083,0.261202871,-0.588122693,-0.947535641,-0.588122693,3,5,16,8,-0.588122693,-0.588122693,-0.787499139,-0.787499139,-0.916515273,101,258,0.084001008,0.148782793,0.865118918,0.132556789,0.081609765,22,2,27,3,0.081609765,0.129566005,0.364109262,0.865118918,0.481287379
I01,VEB,102,242,0.255404468,0.390547027,-0.18594562,-0.834508788,-0.18594562,4,4,16,8,-0.18594562,-0.18594562,-0.427601521,-0.644120025,-0.789124028,102,242,0.025531448,0.138582503,0.584699607,0.138576015,0.006176033,22,4,27,1,0.006176033,0.102920834,0.375945222,0.580988737,0.310529893
I01,VEB,103,250,0.091478715,0.333837757,-0.438054307,-0.817232805,-0.438054307,3,4,15,8,-0.438054307,-0.438054307,-0.629131863,-0.629131863,-0.765646366,103,250,0.099136098,-0.334190828,0.688336576,-0.493358216,0.064738517,33,7,46,6,0.064738517,0.425387038,0.618586962,0.155758949,-0.044921403
I01,VEB,101,215,0.215735323,0.252489732,-0.250070998,-0.669840056,-0.250070998,3,4,14,7,-0.250070998,-0.250070998,-0.444015174,-0.444015174,-0.596244632,101,215,0.118602717,0.193332283,0.578670763,0.158721529,0.061869832,20,7,31,4,0.061869832,0.147797631,0.403410566,0.578670763,0.34838277
I01,VEB,101,234,0.189252826,0.362581412,-0.18624722,-0.747661196,-0.18624722,4,3,15,8,-0.18624722,-0.18624722,-0.394386611,-0.580621767,-0.706427447,101,234,0.07506315,0.152176083,0.653916235,0.128050826,0.028682694,21,8,32,3,0.028682694,0.130765208,0.446446016,0.653916235,0.425475897
I01,VEB,107,247,0.193083137,0.302209947,-0.139497953,-0.637186647,-0.139497953,4,4,15,7,-0.139497953,-0.139497953,-0.327101443,-0.497859517,-0.610716392,107,247,0.035080177,0.075913386,0.483459395,0.074513763,0.008588885,20,4,26,2,0.008588885,0.114450668,0.364044238,0.466021945,0.176347913
I01,VEB,106,273,0.036876992,0.212712888,-0.247636599,-0.825943937,-0.247636599,4,4,15,7,-0.247636599,-0.247636599,-0.430724704,-0.616388612,-0.761316983,106,273,0.083654411,0.207995609,0.685494844,0.173358024,0.059725722,26,8,37,3,0.059725722,0.098160077,0.233755685,0.600926812,0.609120274
I01,VEB,98,226,0.144859979,0.384033222,-0.214091246,-0.638428511,-0.214091246,3,4,15,8,-0.214091246,-0.214091246,-0.394174609,-0.394174609,-0.548952497,98,226,0.028587852,0.164882078,0.708528819,0.093500764,-0.004466479,22,6,31,3,-0.004466479,0.095296918,0.39796219,0.708528819,0.41145298
I01,VEB,101,232,0.094783504,-0.839192066,-0.192449071,-1.038922088,-0.192449071,5,3,12,4,-0.192449071,-0.401584691,-0.631943053,-0.838541645,-0.980744799,101,232,0.045746426,0.571828031,0.604272338,0.33156964,0.006655069,22,7,35,6,0.006655069,0.011934962,0.10902068,0.480175989,0.586286686
I01,VEB,109,242,0.254910042,0.321470653,-0.023106911,-0.586887228,-0.023106911,4,4,15,7,-0.023106911,-0.023106911,-0.199091759,-0.380499607,-0.522686055,109,242,0.077233254,0.167221659,0.547164116,0.152448367,0.032527334,24,7,34,3,0.032527334,0.035306123,0.162999561,0.472085428,0.470032107
I01,VEB,106,276,0.125222122,0.272736273,-0.297237433,-0.786858705,-0.297237433,4,4,15,7,-0.297237433,-0.297237433,-0.503238247,-0.678731115,-0.781487572,106,276,0.048999909,0.194304686,0.627989142,0.183072823,0.039993735,21,3,27,3,0.039993735,0.122627914,0.395618779,0.617886851,0.465861843
I01,VEB,104,254,0.143319515,0.347916005,-0.410197828,-0.78267664,-0.410197828,3,5,15,7,-0.410197828,-0.410197828,-0.598656909,-0.598656909,-0.733021327,104,254,0.034455057,0.155941424,0.694574666,0.143753221,0.030844544,22,3,27,2,0.030844544,0.111000579,0.407663271,0.694574666,0.414397816
I01,VEB,100,255,0.13500844,0.346616516,-0.326909892,-0.820271148,-0.326909892,4,4,16,8,-0.326909892,-0.326909892,-0.530190517,-0.700363436,-0.80320613,100,255,0.032903373,0.161371963,0.703259262,0.158738941,0.032074614,23,1,25,1,0.032074614,0.081700991,0.452266974,0.703259262,0.364386388
I01,VEB,103,257,0.146569021,0.322259525,-0.337020614,-0.843577639,-0.337020614,4,4,16,8,-0.337020614,-0.337020614,-0.547822113,-0.723330506,-0.827471798,103,257,0.044513347,0.156574776,0.69991118,0.14972422,0.031592317,23,6,31,2,0.031592317,0.102691781,0.419347698,0.693318645,0.387447352
I01,VEB,110,246,0.551314621,0.399405005,0.504533006,-0.454742144,0.090978993,28,22,57,7,0.090978993,0.127828255,0.218695289,0.338289648,0.449272225,110,246,0.061897266,0.122164061,0.573503518,0.10873608,0.054756925,35,5,42,2,0.054756925,0.070528899,0.107438628,0.367348067,0.476910656
I01,VEB,105,217,0.284562135,0.438581109,-0.335293018,-0.685538517,-0.335293018,3,5,15,7,-0.335293018,-0.335293018,-0.532908587,-0.532908587,-0.661895462,105,217,-0.103850727,0.143939602,0.512927911,0.07022719,-0.127716959,38,7,49,4,-0.127716959,-0.08913059,-0.054576117,0.070917192,0.512927911
I01,VEB,102,256,0.16862473,0.32078663,-0.262762331,-0.79936007,-0.262762331,4,4,15,7,-0.262762331,-0.262762331,-0.469187388,-0.652984485,-0.77240846,102,256,0.040410965,0.085139043,0.63730443,0.0615412,0.006806758,22,5,30,3,0.006806758,0.064733322,0.293296309,0.631887673,0.423449788
I01,VEB,104,220,0.248206211,0.304963928,-0.123743289,-0.684542584,-0.123743289,4,4,15,7,-0.123743289,-0.123743289,-0.333186154,-0.524035564,-0.651393754,104,220,0.055789842,0.223364329,0.631940292,0.181255186,0.024064099,25,5,33,3,0.024064099,0.059699398,0.1590635,0.506241142,0.525995472
I01,VEB,102,224,0.151413788,0.35525547,-0.515975984,-0.842529775,-0.515975984,3,5,15,7,-0.515975984,-0.515975984,-0.712219517,-0.712219517,-0.829908128,102,224,0.007685959,0.106277283,0.593086351,0.076848016,0.006024166,23,2,28,3,0.006024166,0.043719249,0.294391461,0.566487876,0.353003054
I01,VEB,107,210,0.229144681,0.250869395,-0.249785691,-0.732973115,-0.249785691,3,5,16,8,-0.249785691,-0.249785691,-0.457725271,-0.457725271,-0.633167074,107,210,0.041713125,0.18435117,0.599737012,0.168538981,0.036934338,23,3,28,2,0.036934338,0.082526966,0.365991246,0.583959943,0.379296971
I01,VEB,105,212,0.017952779,0.15837234,-0.538701548,-1.667371718,-0.538701548,4,4,17,9,-0.538701548,-0.538701548,-0.872884276,-1.222011802,-1.509805877,105,212,0.126796027,-0.42159922,0.860295276,-0.682778607,0.070472374,34,8,57,15,0.070472374,0.248012634,0.846773986,0.268242164,0.011465622
I01,VEB,103,258,0.199936188,0.383046666,-0.257941144,-0.775628533,-0.257941144,4,4,16,8,-0.257941144,-0.257941144,-0.466601937,-0.64437442,-0.753852664,103,258,-0.066630952,0.149335855,0.634887277,0.148710008,-0.093391948,42,13,56,1,-0.093391948,-0.04412517,0.026767193,0.173488409,0.634887277
I01,VEB,102,264,0.175078355,0.364123373,-0.272036233,-0.738135155,-0.272036233,4,4,15,7,-0.272036233,-0.272036233,-0.468146981,-0.631703548,-0.727635913,102,264,-0.072581613,-0.368764987,0.664915083,-0.553146215,-0.090311485,57,5,70,8,-0.090311485,-0.042488129,0.024989725,0.573977054,0.132855629
I01,VEB,103,223,0.203000148,-0.034856643,-0.215970934,-0.8085968,-0.215970934,4,4,14,6,-0.215970934,-0.215970934,-0.428606736,-0.625234287,-0.761934805,103,223,0.061201801,0.418082067,0.594911741,0.16242658,0.055451155,19,3,27,5,0.055451155,0.104842154,0.369910434,0.594911741,0.373021382
I01,VEB,104,221,0.257833501,0.268609277,-0.027654269,-0.645721743,-0.027654269,4,3,14,7,-0.027654269,-0.027654269,-0.223696642,-0.423096816,-0.577601307,104,221,0.034615706,0.196038012,0.609436828,0.141166416,0.028154533,26,3,32,3,0.028154533,0.060433191,0.130665941,0.480646327,0.510582624
I01,VEB,100,245,0.196319092,0.331944436,-0.382084721,-0.778215873,-0.382084721,3,5,15,7,-0.382084721,-0.382084721,-0.583452575,-0.583452575,-0.727360516,100,245,0.012648688,0.150538406,0.654874557,0.117744785,0.005718545,23,5,31,3,0.005718545,0.041373769,0.330330746,0.621464888,0.436160219
I01,VEB,111,233,0.306337892,0.276441848,-0.154106953,-0.637003558,-0.154106953,4,4,15,7,-0.154106953,-0.154106953,-0.358436998,-0.530904654,-0.631545639,111,233,0.052535851,0.110920889,0.486678353,0.077890521,0.0029377,21,6,30,3,0.0029377,0.082100594,0.317864344,0.486678353,0.281617822
I01,VEB,104,234,0.228752705,0.341850247,-0.213906837,-0.734426813,-0.213906837,4,4,15,7,-0.213906837,-0.213906837,-0.42483753,-0.60682665,-0.718698713,104,234,0.015222752,0.167589403,0.646558348,0.145730977,0.00396278,22,4,29,3,0.00396278,0.069611524,0.313720803,0.63720002,0.471047228
I01,VEB,101,255,0.119086168,0.27199029,-0.507320984,-0.878731658,-0.507320984,3,5,16,8,-0.507320984,-0.507320984,-0.699242739,-0.699242739,-0.832682622,101,255,-0.091395077,-0.332446878,0.637695996,-0.516856715,-0.093786129,52,3,62,7,-0.093786129,0.014401189,0.062838639,0.637695996,0.13641975
I01,VEB,99,250,0.170891479,0.336978608,-0.27756973,-0.748872496,-0.27756973,4,4,15,7,-0.27756973,-0.27756973,-0.476918844,-0.645896989,-0.744689036,99,250,0.022697853,0.136773298,0.617506676,0.122279659,0.019991107,22,3,27,2,0.019991107,0.101115153,0.373832633,0.617506676,0.343219764
I01,VEB,105,246,0.123972356,0.397830943,-0.12536264,-0.646467772,-0.12536264,4,3,14,7,-0.12536264,-0.12536264,-0.304637875,-0.48322676,-0.611217845,105,246,0.047811895,0.102107021,0.601292866,0.057334955,0.003415239,28,5,36,3,0.003415239,0.044177231,0.084925334,0.36140681,0.485678638
I01,VEB,103,259,0.128626321,0.358024693,-0.437588875,-0.787009666,-0.437588875,3,5,16,8,-0.437588875,-0.437588875,-0.616376107,-0.616376107,-0.740902186,103,259,0.036218844,0.135969943,0.699412301,0.117784307,0.031934857,22,3,28,3,0.031934857,0.109941885,0.407629967,0.699412301,0.404235596
I01,VEB,109,262,0.275231627,0.370978467,-0.030354425,-0.598211533,-0.030354425,4,4,15,7,-0.030354425,-0.030354425,-0.223924142,-0.412876041,-0.550320232,109,262,0.028469554,0.199447984,0.587448226,0.182590182,0.004325982,24,6,33,3,0.004325982,0.011504856,0.189175338,0.519709549,0.462274246
I01,VEB,104,234,0.173195949,0.33265583,-0.435561194,-0.712752519,-0.435561194,3,5,15,7,-0.435561194,-0.435561194,-0.60631212,-0.60631212,-0.707123422,104,234,0.044591031,0.173783901,0.602542714,0.128753624,0.030584078,22,4,30,4,0.030584078,0.082618193,0.291035163,0.593623102,0.434300765
I01,VEB,103,261,0.100734069,0.383933671,-0.527134458,-0.918318972,-0.527134458,3,5,16,8,-0.527134458,-0.527134458,-0.726761175,-0.726761175,-0.866588943,103,261,0.008615678,-0.41757305,0.74491564,-0.617354762,0.008573692,38,1,48,9,0.008573692,0.083553757,0.66921338,0.340129,0.078675282
I01,VEB,109,250,0.180243527,0.415555072,-0.219233355,-0.605411098,-0.219233355,3,5,16,8,-0.219233355,-0.219233355,-0.388641669,-0.388641669,-0.52980088,109,250,0.068647632,0.119103953,0.621437745,0.102314161,0.0443956,22,4,28,2,0.0443956,0.124708408,0.366392586,0.621437745,0.359787382
I01,VEB,115,236,0.358431004,0.289353311,-0.024218344,-0.684444689,-0.024218344,4,4,15,7,-0.024218344,-0.024218344,-0.231907266,-0.436310038,-0.598541645,115,236,0.059910037,0.204313865,0.506367518,0.157496101,0.014414963,21,10,35,4,0.014414963,0.058466201,0.251126081,0.449609077,0.437521083
I01,VEB,100,238,0.363998902,0.136699574,-0.211354796,-0.669984316,-0.211354796,3,5,15,7,-0.211354796,-0.211354796,-0.420108976,-0.420108976,-0.584236489,100,238,0.203208013,0.211906556,0.598821499,0.189999336,-0.103192598,44,42,89,3,-0.103192598,-0.033976622,0.019600742,0.080920128,0.553535621
I01,VEB,116,241,-0.035699949,0.409309559,0.31442567,-0.619146917,-0.073340077,16,4,27,7,-0.073340077,0.046630133,0.254451483,0.304905478,0.004367653,116,241,0.018417553,0.170349012,0.557170653,0.122043069,-0.005405862,22,4,30,4,-0.005405862,0.050619901,0.261764305,0.550818211,0.387680605
I01,VEB,102,224,0.089435015,0.440135907,0.439243334,-0.661171985,-0.088523135,25,10,42,7,-0.088523135,0.012907264,0.105793047,0.378088697,0.157422632,102,224,-0.00257503,0.142675421,0.508491248,0.106360889,-0.017923044,23,6,33,4,-0.017923044,0.004822748,0.174008779,0.439559516,0.387246973
I01,VEB,105,237,0.161087673,0.259171453,-0.3970494,-0.725340374,-0.3970494,3,6,17,8,-0.3970494,-0.3970494,-0.565576239,-0.565576239,-0.683129188,105,237,0.040305696,0.197034163,0.522561291,0.18695166,0.015487979,25,5,32,2,0.015487979,0.051184579,0.194783611,0.505917366,0.360289407
I01,VEB,107,249,0.221527216,0.352434187,-0.201778853,-0.634967448,-0.201778853,3,4,15,8,-0.201778853,-0.201778853,-0.394422363,-0.394422363,-0.551497355,107,249,0.035837931,0.134649351,0.588007492,0.115305197,-0.050558083,24,10,37,3,-0.050558083,0.031470471,0.263206442,0.554819412,0.38578381
I01,VEB,109,209,0.186803019,0.201116237,-0.344308442,-0.833381831,-0.344308442,3,4,15,8,-0.344308442,-0.344308442,-0.566719026,-0.566719026,-0.744851945,109,209,0.037982664,0.184993459,0.592004252,0.163215051,0.034367437,22,3,27,2,0.034367437,0.087315249,0.32498428,0.592004252,0.347985767
I01,VEB,105,247,0.097175942,0.202065424,-0.367577143,-0.794762772,-0.367577143,3,5,15,7,-0.367577143,-0.367577143,-0.563981385,-0.563981385,-0.720894615,105,247,0.008470192,0.204858379,0.643280702,0.129362443,0.001619335,25,3,32,4,0.001619335,0.01291589,0.215814802,0.595532724,0.440900796
I01,VEB,115,230,0.181255135,0.255534911,-0.291595525,-0.675692612,-0.291595525,3,4,15,8,-0.291595525,-0.291595525,-0.481366371,-0.481366371,-0.621819633,115,230,0.055592108,0.241176795,0.589583022,0.093632704,0.055222779,19,1,25,5,0.055222779,0.101301696,0.353177864,0.589583022,0.365252141
I01,VEB,114,241,0.108785403,0.427816681,1.203625614,-0.246614531,-0.864201729,40,25,71,6,-0.864201729,-0.288024302,0.069791338,0.396905499,1.16005565,114,241,0.195046381,0.15126603,0.327204867,0.075277558,-0.147578593,18,27,50,5,-0.147578593,-0.099394744,0.079244277,0.288935553,0.237394721
I01,VEB,112,219,0.132757604,0.308742599,-0.399030707,-0.864550664,-0.399030707,3,4,14,7,-0.399030707,-0.399030707,-0.617857648,-0.617857648,-0.788026172,112,219,0.068662306,0.121131435,0.616533818,0.087611748,0.046918482,25,9,38,4,0.046918482,0.064422245,0.221152453,0.554835622,0.42996551
I01,VEB,108,266,0.16595505,0.257125146,-0.129456597,-0.702442805,-0.129456597,4,4,15,7,-0.129456597,-0.129456597,-0.320190182,-0.509201424,-0.649328605,108,266,0.05081005,0.204141404,0.611825716,0.18182831,0.033891903,21,5,29,3,0.033891903,0.140151411,0.426448744,0.611825716,0.406931056
I01,VEB,103,248,0.174494501,0.385684534,-0.244931833,-0.784939492,-0.244931833,4,4,16,8,-0.244931833,-0.244931833,-0.45313485,-0.636241237,-0.754056061,103,248,0.061503855,0.126247243,0.595731367,0.096510526,0.060896845,21,1,25,3,0.060896845,0.133380953,0.43695684,0.595731367,0.340932661
I01,VEB,102,244,0.22302133,0.35352675,-0.374255344,-0.846505338,-0.374255344,3,4,15,8,-0.374255344,-0.374255344,-0.595203417,-0.595203417,-0.763269864,102,244,0.046603873,0.148277527,0.611787429,0.11460733,0.031929426,21,6,30,3,0.031929426,0.1033204,0.367606049,0.611268815,0.409909218
I01,VEB,118,203,-0.04989118,-0.288622701,-0.51148814,-0.51148814,-0.51148814,0,24,29,5,-0.51148814,-0.51148814,-0.51148814,-0.51148814,-0.51148814,118,203,0.035065276,0.713874067,0.671121661,0.671121661,0.021921647,24,5,31,2,0.021921647,0.030945141,0.058219425,0.141379599,0.390362143
I01,VEB,99,229,0.009672313,0.202891621,-0.337827597,-0.812391025,-0.337827597,4,4,16,8,-0.337827597,-0.337827597,-0.519493444,-0.685497414,-0.792672593,99,229,0.110833396,-0.311775363,0.638234818,-0.596815033,0.109771586,35,2,65,28,0.109771586,0.277229029,0.638234818,0.112591822,-0.052972688
I01,VEB,108,251,0.193415833,0.329404333,-0.569764472,-0.666404317,-0.569764472,2,6,15,7,-0.569764472,-0.569764472,-0.569764472,-0.665946608,-0.665946608,108,251,0.048186708,0.235305384,0.750097442,0.207607416,-0.002315718,22,5,30,3,-0.002315718,0.131769367,0.391620233,0.750097442,0.513256969
I01,VEB,102,233,0.147135144,0.384231862,-0.124834347,-0.815861203,-0.124834347,4,4,16,8,-0.124834347,-0.124834347,-0.323646301,-0.536653724,-0.715561948,102,233,0.007404622,0.155915241,0.667039532,0.140702489,-0.004404076,22,3,28,3,-0.004404076,0.076033168,0.388674786,0.667039532,0.470726772
I01,VEB,109,256,0.168655722,0.279544816,-0.167437209,-0.707915933,-0.167437209,4,4,15,7,-0.167437209,-0.167437209,-0.363089874,-0.546985711,-0.673223362,109,256,0.053767693,0.148110793,0.532947264,0.128164714,0.031630997,21,4,28,3,0.031630997,0.117139691,0.355384597,0.532947264,0.340061602
I01,VEB,114,224,-0.158941233,0.230467748,0.185175125,-0.724691136,-0.17506239,21,3,31,7,-0.17506239,-0.116652872,-0.011285448,0.177321424,0.029576782,114,224,0.056592376,0.209171311,0.584642798,0.174072794,0.00674008,19,4,26,3,0.00674008,0.170918132,0.493589628,0.578050578,0.319599658
I01,VEB,99,241,0.18353106,0.344107874,0.210628708,-0.633743646,-0.124887631,21,23,51,7,-0.124887631,-0.087906059,0.00778166,0.176092141,0.10359369,99,241,0.035632019,-0.345895909,0.561467538,-0.505381786,0.025156048,37,5,48,6,0.025156048,0.079853056,0.487647399,0.230888996,0.09959708
I01,VEB,101,222,0.200443336,0.147028018,-0.219350933,-0.789844209,-0.219350933,4,4,15,7,-0.219350933,-0.219350933,-0.439030218,-0.635148224,-0.762109986,101,222,0.006233464,0.122007571,0.619191777,0.093625858,-0.002495279,23,7,33,3,-0.002495279,0.019585934,0.248709998,0.564062767,0.410166286
I01,VEB,102,242,0.094338389,0.271745292,-0.330968364,-0.796121687,-0.330968364,3,4,14,7,-0.330968364,-0.330968364,-0.533449406,-0.533449406,-0.703485582,102,242,0.076182859,0.130979036,0.62754835,0.090130524,0.048332283,22,8,33,3,0.048332283,0.1203911,0.371129523,0.62754835,0.349218856
I01,VEB,109,208,0.259042605,0.314737337,-0.289456611,-0.754567356,-0.289456611,3,5,15,7,-0.289456611,-0.289456611,-0.505847154,-0.505847154,-0.67544663,109,208,0.043045896,0.132715167,0.552596481,0.122934589,0.034635063,22,3,27,2,0.034635063,0.102196044,0.31580268,0.552596481,0.311798283
I01,VEB,110,250,0.19899187,0.300711915,-0.082381286,-0.620924053,-0.082381286,4,3,14,7,-0.082381286,-0.082381286,-0.26636154,-0.444443455,-0.573214193,110,250,0.031599775,0.174257676,0.613439977,0.109704164,0.023604736,23,4,31,4,0.023604736,0.048418431,0.336380154,0.589383003,0.380477113
I01,VEB,103,241,0.166079717,0.20884379,-0.150321549,-0.822241728,-0.150321549,4,3,15,8,-0.150321549,-0.150321549,-0.360844414,-0.572647014,-0.738805842,103,241,0.038891001,0.162112394,0.589976319,0.161755035,0.02650011,22,6,29,1,0.02650011,0.109178177,0.359699589,0.589976319,0.349680522
I01,VEB,105,227,0.193501318,-0.330268052,-0.465244575,-0.465244575,-0.981231367,4,40,46,2,-0.981231367,-0.981231367,-0.917819777,-0.788065967,-0.623195686,105,227,-0.111529763,0.058499871,0.621995542,0.030655274,-0.111784089,52,1,56,3,-0.111784089,-0.074131432,0.00876375,0.157752306,0.607866265
I01,VEB,100,251,0.154176958,0.323609987,-0.335612522,-0.793368834,-0.335612522,3,4,15,8,-0.335612522,-0.335612522,-0.540969626,-0.540969626,-0.705874965,100,251,0.024933585,0.150579585,0.651850571,0.147520761,0.024277781,23,1,25,1,0.024277781,0.069795797,0.395253571,0.651850571,0.345186354
I01,VEB,104,258,0.14250585,0.42347534,-0.426110154,-0.793293496,-0.426110154,3,4,16,9,-0.426110154,-0.426110154,-0.615342875,-0.615342875,-0.745759582,104,258,0.109057828,0.137768643,0.592205988,0.114492039,0.095566077,21,4,28,3,0.095566077,0.147265975,0.367336718,0.584889225,0.404915577
I01,VEB,106,249,0.074909062,0.409103503,-0.247588748,-0.674449074,-0.247588748,4,4,15,7,-0.247588748,-0.247588748,-0.421528623,-0.573186996,-0.665407626,106,249,0.057957243,0.099632651,0.633202958,0.097991329,0.040508514,30,4,35,1,0.040508514,0.08504144,0.205452181,0.58688052,0.352767801
I01,VEB,103,240,0.093625884,0.06606211,-0.353910863,-0.984958055,-0.353910863,4,4,15,7,-0.353910863,-0.353910863,-0.577108409,-0.787209214,-0.935459132,103,240,0.084711341,0.244478215,0.640161089,0.242382417,0.062224692,21,5,28,2,0.062224692,0.137660344,0.416563923,0.637824181,0.468368957
I01,VEB,115,232,-0.12190804,0.228353101,0.318262788,-0.586495363,-0.12728846,26,4,37,7,-0.12728846,-0.089836299,-0.037800867,0.143154513,0.286603095,115,232,0.038458599,0.205121908,0.676365916,0.155810166,0.036638537,21,3,27,3,0.036638537,0.105442294,0.374677418,0.655454081,0.492468759
I01,VEB,105,223,0.159083123,0.271696165,-0.314993641,-0.809081184,-0.314993641,3,5,16,8,-0.314993641,-0.314993641,-0.52627325,-0.52627325,-0.707008005,105,223,0.050024032,0.139104574,0.555178169,0.094171915,0.038071875,23,5,31,3,0.038071875,0.07601401,0.299752872,0.5369332,0.328091112
I01,VEB,101,253,0.148272797,0.325754204,-0.321368857,-0.754081259,-0.321368857,3,4,15,8,-0.321368857,-0.321368857,-0.514410409,-0.514410409,-0.669732886,101,253,0.042067724,0.160428242,0.683044594,0.151373288,0.039760651,22,3,27,2,0.039760651,0.103416364,0.37608571,0.683044594,0.423229015
I01,VEB,103,218,0.379596105,0.425202799,-0.014147143,-0.539710842,-0.014147143,4,4,15,7,-0.014147143,-0.014147143,-0.22802445,-0.416799578,-0.531218904,103,218,0.044179006,0.158370528,0.574433724,0.131022527,0.028218698,22,9,34,3,0.028218698,0.075014097,0.296810221,0.574433724,0.384690993
