record,type,0_pre-RR,0_post-RR,0_pPeak,0_tPeak,0_rPeak,0_sPeak,0_qPeak,0_qrs_interval,0_pq_interval,0_qt_interval,0_st_interval,0_qrs_morph0,0_qrs_morph1,0_qrs_morph2,0_qrs_morph3,0_qrs_morph4,1_pre-RR,1_post-RR,1_pPeak,1_tPeak,1_rPeak,1_sPeak,1_qPeak,1_qrs_interval,1_pq_interval,1_qt_interval,1_st_interval,1_qrs_morph0,1_qrs_morph1,1_qrs_morph2,1_qrs_morph3,1_qrs_morph4
I01,N,163,165,0.069610222,-0.083280601,0.614133158,-0.392761319,0.047159284,15,2,27,10,0.047159284,0.146934163,0.506484864,0.550094976,-0.053038448,163,165,-0.013397687,0.204003068,0.123921531,-0.421341864,-0.023370488,14,3,23,6,-0.023370488,-0.01165031,0.082607626,0.101372903,-0.183386854
I01,N,165,166,-0.097030038,0.597254429,-0.078703617,-0.078703617,-0.137781281,3,5,14,6,-0.137781281,-0.137781281,-0.137128645,-0.137128645,-0.120635816,165,166,0.096676396,0.224041133,0.234431197,-0.401579818,0.081637439,15,5,27,7,0.081637439,0.102992155,0.191224837,0.217543647,-0.068247624
I01,N,166,102,0.109399148,0.68052794,-0.010648647,-0.010648647,-0.720620469,6,25,35,4,-0.720620469,-0.713241282,-0.655213905,-0.549735371,-0.402561985,166,102,0.07096785,0.046358121,0.351806083,-0.403456499,-0.148539302,33,13,52,6,-0.148539302,-0.060619828,0.081079807,0.204399723,0.335171766
I01,N,231,165,0.585576857,0.607461311,-0.083498942,-0.083498942,-0.167857941,3,34,43,6,-0.167857941,-0.167857941,-0.162723291,-0.162723291,-0.138456934,231,165,-0.093558629,0.264114067,0.266151482,-0.346567438,-0.112551567,32,5,43,6,-0.112551567,0.012989149,0.091491185,0.134004222,0.265231697
I01,N,165,163,0.019637004,-0.111670933,0.613373728,-0.416937006,-0.108554143,21,9,37,7,-0.108554143,-0.091816998,-0.039695415,0.415532716,0.490533749,165,163,-0.033302019,0.207177964,0.308107184,-0.340048218,-0.08821526,32,8,47,7,-0.08821526,-0.001562818,0.0829676,0.136342011,0.308107184
I01,N,163,166,-0.156761156,0.528148248,-0.145136805,-0.145136805,-0.183749186,2,5,14,7,-0.183749186,-0.183749186,-0.183749186,-0.174278657,-0.174278657,163,166,0.076154216,0.233045167,0.228643788,-0.373485982,0.066681518,16,5,27,6,0.066681518,0.084804293,0.174772326,0.224359784,-0.011852526
I01,N,166,161,-0.003887209,0.216948514,1.12025791,0.164411028,-0.725340355,33,17,52,2,-0.725340355,-0.332347338,-0.007229747,0.371099635,1.116715854,166,161,0.071916048,0.058612848,-0.198099401,-0.488994799,-0.198099401,3,4,14,7,-0.198099401,-0.198099401,-0.32268278,-0.32268278,-0.429821185
I01,N,161,160,-0.006721003,0.164998351,0.601190397,-0.307812288,-0.035102716,15,4,27,8,-0.035102716,0.066668766,0.417480864,0.601190397,0.136744862,161,160,0.132572879,0.056440247,0.171861585,-0.477359838,0.062812673,14,9,29,6,0.062812673,0.080550892,0.159295559,0.108512066,-0.248600259
I01,N,160,158,-0.187870121,0.544414041,-0.018563902,-0.018563902,-0.194882578,5,2,12,5,-0.194882578,-0.19484426,-0.182891281,-0.15293865,-0.099786111,160,158,0.153751527,0.22866861,0.287056725,-0.347819299,0.12796702,14,5,26,7,0.12796702,0.147616764,0.247297914,0.264875131,-0.03250197
I01,N,158,162,-0.040585471,0.635822768,-0.053904041,-0.053904041,-0.063889392,1,4,12,7,-0.063889392,-0.063889392,-0.063889392,-0.063889392,-0.063889392,158,162,0.052861879,0.258710348,0.281660736,-0.285632128,0.052169134,16,2,25,7,0.052169134,0.076441599,0.178418572,0.281660736,0.143901451
I01,N,162,161,-0.081197733,0.623239822,-0.062096029,-0.062096029,-0.123958087,2,5,13,6,-0.123958087,-0.123958087,-0.123958087,-0.107577273,-0.107577273,162,161,0.099499355,0.233409916,0.253725544,-0.387116447,0.09650675,15,3,25,7,0.09650675,0.116448869,0.214933363,0.231600325,-0.067132877
I01,N,161,156,0.086557639,0.393498998,0.719685003,-0.250740169,-0.538250677,20,20,52,12,-0.538250677,-0.437995174,-0.107946918,0.626984427,0.371508029,161,156,0.075884918,0.150714714,0.306291394,-0.373485675,-0.164989349,32,13,51,6,-0.164989349,-0.052172328,0.070759823,0.17919843,0.304884061
I01,N,156,164,-0.20554709,0.638658021,-0.164206729,-0.164206729,-0.214457302,3,3,13,7,-0.214457302,-0.214457302,-0.21201028,-0.21201028,-0.198291445,156,164,0.103170061,0.191268552,0.192718838,-0.414612868,0.089652802,13,5,24,6,0.089652802,0.11091504,0.187699265,0.165967837,-0.139647414
I01,N,164,99,0.016926792,-0.047951454,0.756063988,-0.356411149,0.004136743,15,4,25,6,0.004136743,0.137629395,0.557489815,0.734855407,0.130929487,164,99,0.025130779,0.263048928,0.283237477,-0.267482983,0.016777477,17,6,28,5,0.016777477,0.047710205,0.166774864,0.283237477,0.055740918
I01,N,229,157,-0.077865648,0.109204298,0.845886608,0.090166837,-0.133798975,16,5,23,2,-0.133798975,0.00427925,0.452844036,0.845886608,0.559923572,229,157,0.170222534,0.039101249,-0.041887543,-0.470285736,-0.041887543,4,3,14,7,-0.041887543,-0.041887543,-0.175960982,-0.312023033,-0.419915096
I01,N,157,161,-0.000554612,0.782663391,-0.069553033,-0.069553033,-0.138955961,2,6,14,6,-0.138955961,-0.138955961,-0.138955961,-0.124054584,-0.124054584,157,161,-0.103589636,0.197351415,0.253342049,-0.326993761,-0.128641647,33,5,44,6,-0.128641647,-0.026085839,0.081767852,0.086363635,0.253342049
I01,N,161,160,-0.105416484,-0.013756499,0.60912591,-0.511509544,-0.172151504,15,6,28,7,-0.172151504,-0.076093488,0.344034315,0.60912591,0.033736492,161,160,0.094866648,0.224067702,0.215070168,-0.381467749,0.078855939,15,6,27,6,0.078855939,0.110050539,0.200272543,0.157871683,-0.18071669
I01,N,160,158,0.117002097,0.799993135,-0.211276284,-0.211276284,-0.790366817,9,20,35,6,-0.790366817,-0.746850594,-0.593940657,-0.460302709,-0.36756369,160,158,0.278465079,0.002822125,0.33366061,-0.441539468,0.258240346,13,3,21,5,0.258240346,0.280209361,0.33366061,0.242609528,-0.178877632
I01,N,158,160,-0.104321889,0.040906255,0.757412331,-0.357175231,-0.185547307,24,7,37,6,-0.185547307,-0.108273806,-0.048918159,0.376034725,0.614805524,158,160,0.07786732,0.209483932,0.207217008,-0.412353224,0.073693168,19,3,29,7,0.073693168,0.079184036,0.104693956,0.199935483,0.032928346
I01,N,160,158,0.453998647,-0.118155563,1.191750787,-0.467898899,0.431474648,17,3,26,6,0.431474648,0.51874471,0.889433618,1.136871552,0.357145746,160,158,0.053317313,0.270324032,-0.147341181,-0.429516616,-0.147341181,4,4,14,6,-0.147341181,-0.147341181,-0.257536328,-0.360185535,-0.42659949
I01,N,158,159,0.037874609,0.012596385,0.784756981,-0.249680055,-0.023527183,17,13,36,6,-0.023527183,0.036018275,0.33940976,0.784756981,0.349756011,158,159,0.203352525,0.102748429,0.196232313,-0.523589268,0.124920265,13,10,29,6,0.124920265,0.14759866,0.196232313,0.140290855,-0.219806532
I01,N,159,159,-0.096663022,-0.211204344,0.608971007,-0.580763829,-0.174657917,16,5,27,6,-0.174657917,-0.082186117,0.35284778,0.608665896,-0.01648655,159,159,0.114690446,0.284479096,0.275848213,-0.331769696,0.109795593,15,4,26,7,0.109795593,0.13642794,0.234227614,0.26096866,-0.010044403
I01,N,159,162,0.269521013,-0.079314687,0.734647771,-0.355954077,-0.043136954,16,25,47,6,-0.043136954,0.067290604,0.460617296,0.734647771,0.277103167,159,162,0.096852169,0.167086717,0.206363572,-0.456140808,-0.178391778,33,22,61,6,-0.178391778,-0.046576262,0.02849982,0.069353929,0.19687384
I01,N,162,165,-0.179603341,0.590867043,-0.127931663,-0.127931663,-0.210318231,3,5,14,6,-0.210318231,-0.210318231,-0.203297193,-0.203297193,-0.178407105,162,165,0.15869166,0.197158721,0.254113995,-0.386069205,0.111268918,14,6,27,7,0.111268918,0.123292258,0.212180755,0.23579253,-0.055823911
I01,N,165,167,-0.039204629,-0.072343658,0.693283151,-0.410708073,-0.049117874,16,3,25,6,-0.049117874,0.022843456,0.351334,0.693283151,0.354727742,165,167,-0.014242935,0.202418209,0.244986184,-0.383276608,-0.163343136,33,23,63,7,-0.163343136,-0.042004872,0.070189407,0.087386263,0.244986184
I01,N,167,168,-0.075327952,-0.067987179,0.633288821,-0.360870552,-0.103375355,17,4,27,6,-0.103375355,-0.050007582,0.258159787,0.633288821,0.180700954,167,168,0.086758093,0.176150258,0.215287477,-0.42082259,0.064171431,15,5,26,6,0.064171431,0.094605951,0.194685817,0.173849648,-0.155923084
I01,N,168,167,-0.065332002,-0.017785953,0.582341224,-0.288825329,-0.068887789,17,2,26,7,-0.068887789,-0.026977163,0.246239256,0.582341224,0.185691793,168,167,0.083491698,0.143047357,0.236323293,-0.40214108,0.076932748,16,4,26,6,0.076932748,0.096404833,0.188398461,0.226638057,-0.017164365
I01,N,167,170,-0.106524032,0.670968822,-0.088033751,-0.088033751,-0.124555697,2,5,14,7,-0.124555697,-0.124555697,-0.124555697,-0.117106752,-0.117106752,167,170,0.070326528,0.214472522,0.273630704,-0.409180001,0.062070336,17,3,26,6,0.062070336,0.089996733,0.172311914,0.273630704,0.017892161
I01,N,170,107,-0.069406794,-0.094780981,0.605719746,-0.331624702,-0.094994853,15,4,25,6,-0.094994853,0.049647222,0.450046847,0.579557882,0.072152908,170,107,0.09999841,0.173780786,0.232306591,-0.40707361,0.075741451,13,5,25,7,0.075741451,0.105752108,0.217743643,0.214103053,-0.074785092
I01,N,239,169,0.207640078,0.021080735,0.432412853,-0.466603959,-0.182299737,15,25,48,8,-0.182299737,-0.07728311,0.277329324,0.406004928,-0.110600682,239,169,-0.08175998,0.201024724,0.238780954,-0.38080279,-0.216720956,32,13,51,6,-0.216720956,-0.08808148,0.047687089,0.088800235,0.238780954
I01,N,169,168,-0.161107389,0.531544387,-0.163140626,-0.163140626,-0.253816527,2,5,13,6,-0.253816527,-0.253816527,-0.253816527,-0.230616431,-0.230616431,169,168,0.080228821,0.216197496,0.306435754,-0.325143726,0.068664166,21,2,29,6,0.068664166,0.12968528,0.19783377,0.283693529,0.179276281
I01,N,168,171,-0.183925211,0.631625369,-0.183045454,-0.183045454,-0.197283251,1,3,11,7,-0.197283251,-0.197283251,-0.197283251,-0.197283251,-0.197283251,168,171,0.090880454,0.136761742,0.242748294,-0.436445975,0.080806489,13,2,21,6,0.080806489,0.105795946,0.237061965,0.195440095,-0.216576513
I01,N,171,164,-0.06984492,0.00659107,0.844473661,-0.3058589,-0.090415574,16,3,25,6,-0.090415574,0.006829238,0.434033457,0.844473661,0.441395868,171,164,0.109379951,0.112764328,0.210118895,-0.335196921,0.058067508,14,5,25,6,0.058067508,0.076236608,0.161891697,0.201272662,-0.04511965
I01,N,164,166,0.121666286,-0.046189679,0.762413591,-0.327564684,0.006479851,16,7,29,6,0.006479851,0.152439032,0.548820585,0.758303306,0.189833012,164,166,0.057218882,0.185456657,0.203696545,-0.378661234,0.033363129,14,3,24,7,0.033363129,0.051664784,0.165400968,0.179926574,-0.097212583
I01,N,166,165,0.078860913,-0.116394975,0.68515841,-0.353521073,0.000217243,15,6,27,6,0.000217243,0.194297715,0.615382509,0.574973124,-0.077447101,166,165,0.054039813,0.240154318,0.183354564,-0.373115805,-0.025654776,17,7,30,6,-0.025654776,0.058746518,0.141948196,0.174367231,-0.028643471
I01,N,165,164,0.309135338,-0.046068956,0.786521373,-0.425424012,0.004172732,16,24,46,6,0.004172732,0.105211644,0.52882193,0.786521373,0.219495099,165,164,0.057235612,0.183515394,0.234488449,-0.436670995,-0.003381206,16,5,27,6,-0.003381206,0.036859319,0.16404777,0.226585986,-0.057803842
I01,N,164,166,0.240489721,0.716878064,-0.113358593,-0.113358593,-0.121076205,1,23,31,7,-0.121076205,-0.121076205,-0.121076205,-0.121076205,-0.121076205,164,166,0.068195301,0.146697275,0.233738381,-0.356616615,0.058927341,15,4,25,6,0.058927341,0.106328654,0.212441769,0.194119146,-0.126951929
I01,N,166,162,0.195629515,0.036848703,0.809041406,-0.308980926,-0.274450344,23,17,46,6,-0.274450344,-0.156621865,-0.106962837,0.314947339,0.712017642,166,162,0.155383002,0.101610982,0.211265049,-0.418622174,0.136096492,17,4,27,6,0.136096492,0.155927922,0.188126486,0.185805853,-0.070465412
I01,N,162,162,-0.016362217,-0.034908345,0.658946256,-0.280716713,-0.054972669,16,4,25,5,-0.054972669,0.016932707,0.383599929,0.658946256,0.235860342,162,162,0.089055169,0.163870393,0.230992966,-0.398729779,0.063269076,17,6,29,6,0.063269076,0.073872883,0.136409966,0.229475399,0.006535452
I01,N,162,161,0.044358843,0.613769379,-0.032353125,-0.032353125,-0.032353125,0,5,12,7,-0.032353125,-0.032353125,-0.032353125,-0.032353125,-0.032353125,162,161,0.107840905,0.239463359,0.252405963,-0.434082552,0.044076295,13,4,24,7,0.044076295,0.103072645,0.242952269,0.225110544,-0.100355281
I01,N,161,162,-0.105582412,0.804256421,-0.071827458,-0.071827458,-0.134622901,3,3,13,7,-0.134622901,-0.134622901,-0.132363385,-0.132363385,-0.1148906,161,162,0.1135832,0.166854801,0.246880605,-0.367264864,0.078782008,15,5,26,6,0.078782008,0.129190097,0.231032076,0.188412355,-0.159986307
I01,N,162,163,0.030395337,0.484070731,-0.10668873,-0.10668873,-0.132685275,1,7,15,7,-0.132685275,-0.132685275,-0.132685275,-0.132685275,-0.132685275,162,163,0.049830048,0.237063774,0.230707997,-0.352505448,0.033483294,14,4,24,6,0.033483294,0.064054074,0.199057768,0.200863219,-0.091926072
I01,N,163,162,-0.119632826,0.569694,-0.019917629,-0.019917629,-0.136311688,3,3,11,5,-0.136311688,-0.136311688,-0.128576392,-0.128576392,-0.093326199,163,162,0.062097075,0.232982677,0.263007446,-0.32381775,0.061752193,18,1,26,7,0.061752193,0.073930106,0.139171792,0.244426264,0.113284378
I01,N,162,160,0.213080834,-0.125926003,0.53042001,-0.56879306,-0.218719798,15,23,44,6,-0.218719798,-0.076450809,0.339308091,0.499918093,-0.134086383,162,160,0.115028633,0.217927645,0.253730502,-0.303773198,0.064453758,14,5,25,6,0.064453758,0.100001076,0.215402799,0.235368892,-0.020061577
I01,N,160,157,0.081675213,-0.020076053,0.716604043,-0.281616712,0.00985857,15,4,27,8,0.00985857,0.164537588,0.591067685,0.655529309,0.065480631,160,157,0.041711156,0.126502535,0.152944055,-0.418447157,0.031018662,14,3,23,6,0.031018662,0.046744469,0.124237451,0.133813297,-0.136605091
I01,N,157,158,0.156457143,-0.006802659,0.895510615,-0.356821921,-0.198247876,28,16,50,6,-0.198247876,-0.07455886,0.233373753,0.575459182,0.799919653,157,158,0.152378022,0.027533364,0.027713902,0.021147821,0.027713902,2,9,13,2,0.027713902,0.027713902,0.027713902,0.021151636,0.021151636
I01,N,158,161,-0.043381234,0.732018312,-0.026878829,-0.026878829,-0.32671358,12,16,34,6,-0.32671358,-0.292258117,-0.233129326,-0.184474924,-0.166321011,158,161,0.112369194,0.266005738,0.224406769,-0.332907785,0.091107392,14,7,27,6,0.091107392,0.108782639,0.18763652,0.208348084,-0.066192282
I01,N,161,98,-0.051670247,-0.080576881,0.602796466,-0.352308595,-0.063909455,15,4,25,6,-0.063909455,0.080021888,0.479021255,0.535883274,-0.064830537,161,98,0.083280926,0.170211559,0.211901979,-0.420040442,0.083045124,15,1,22,6,0.083045124,0.111703595,0.194954625,0.169675727,-0.16062062
I01,N,226,158,0.019280209,-0.116861364,0.671136508,-0.478380125,-0.101523773,16,13,36,7,-0.101523773,-0.054234699,0.286225286,0.671136508,0.312010135,226,158,0.058338866,0.202576305,0.207529849,-0.417991177,0.023556415,15,5,27,7,0.023556415,0.063795501,0.170889785,0.186088543,-0.096214665
I01,N,158,156,0.020480143,0.416755165,-0.162913757,-0.162913757,-0.218540475,2,17,24,5,-0.218540475,-0.218540475,-0.218540475,-0.209560939,-0.209560939,158,156,0.10699844,0.28513109,0.278655229,-0.228714457,0.097534488,15,4,25,6,0.097534488,0.137942166,0.246119095,0.25132959,-0.037247143
I01,N,156,161,-0.118804024,0.635391311,-0.038691091,-0.038691091,-0.143067648,3,4,13,6,-0.143067648,-0.143067648,-0.130817885,-0.130817885,-0.098551225,156,161,0.012168007,0.222583801,0.218989685,-0.379970398,-0.1376362,31,15,52,6,-0.1376362,-0.002565071,0.05061894,0.069037791,0.218989685
I01,N,161,151,-0.123871033,0.259665193,0.457258359,-0.936192654,-0.175255533,15,5,47,27,-0.175255533,-0.063316651,0.311941017,0.400671578,-0.353411251,161,151,0.083882889,0.351773101,0.248464704,-0.2641669,0.081912287,14,3,24,7,0.081912287,0.100331249,0.196930837,0.240274254,0.01162059
I01,N,151,158,-0.136606657,0.616485495,-0.160633325,-0.160633325,-0.166254639,1,3,11,7,-0.166254639,-0.166254639,-0.166254639,-0.166254639,-0.166254639,151,158,0.084509376,0.226598004,0.307283772,-0.316621983,-0.118893311,32,21,59,6,-0.118893311,0.019672228,0.084646577,0.146466146,0.307283772
I01,N,158,154,-0.118268391,0.309324833,0.445339077,-0.618184024,-0.118628648,16,1,25,8,-0.118628648,-0.066216854,0.233423779,0.445339077,-0.034411341,158,154,0.037886312,0.282557844,0.269540101,-0.222885453,-0.086474351,32,18,56,6,-0.086474351,0.021547053,0.103673611,0.125172898,0.269137432
I01,N,154,156,-0.135639837,0.468768978,-0.099880867,-0.099880867,-0.162478061,2,4,12,6,-0.162478061,-0.162478061,-0.162478061,-0.146832488,-0.146832488,154,156,0.048591,0.169220453,0.299737233,-0.380447108,-0.118424995,32,16,54,6,-0.118424995,0.01876517,0.118801564,0.146750251,0.299737233
I01,N,156,155,0.079481651,0.403619757,-0.028667987,-0.028667987,-0.224263455,5,23,32,4,-0.224263455,-0.223777958,-0.210673402,-0.177899983,-0.118553306,156,155,0.117079548,0.343282562,0.343170269,-0.208711976,0.116769446,21,1,28,6,0.116769446,0.137661691,0.168164591,0.28878288,0.2774707
I01,N,155,156,-0.058183758,-0.101401639,0.581747618,-0.520959809,-0.180503337,16,14,37,7,-0.180503337,-0.081545655,0.3080035,0.581747618,0.075272022,155,156,0.05035061,0.199780079,0.265238205,-0.35493127,-0.123705222,32,16,54,6,-0.123705222,-0.004370719,0.086388963,0.128349139,0.263274678
I01,N,156,156,-0.138730635,0.312733369,-0.318397396,-0.318397396,-0.318397396,0,7,14,7,-0.318397396,-0.318397396,-0.318397396,-0.318397396,-0.318397396,156,156,0.079178107,0.09824202,0.339332298,-0.32027265,-0.120202881,32,14,52,6,-0.120202881,-0.012607004,0.075912237,0.138990897,0.339332298
I01,N,156,155,0.035026105,-0.004543631,0.655201514,-0.432749662,-0.20731538,23,19,49,7,-0.20731538,-0.172612811,-0.08437192,0.389565927,0.395413174,156,155,0.03620457,0.224875352,0.256656451,-0.397521793,-0.135234146,33,20,59,6,-0.135234146,-0.009760068,0.095165856,0.133335247,0.25291965
I01,N,155,156,0.150422759,0.115168604,1.116673315,-0.184706846,0.144532879,17,2,25,6,0.144532879,0.218400838,0.624411156,1.116673315,0.493593292,155,156,0.183807201,0.08061373,0.105272986,-0.536741745,-0.01449258,13,17,36,6,-0.01449258,0.025393076,0.105272986,0.037759677,-0.32612203
I01,N,156,158,-0.132604927,0.563532674,-0.003019581,-0.003019581,-0.139565832,4,3,13,6,-0.139565832,-0.139565832,-0.13529734,-0.116985769,-0.075768001,156,158,0.094428403,0.140762663,0.276363196,-0.383127169,0.057443305,18,5,29,6,0.057443305,0.05914998,0.139177834,0.267561417,0.027302149
I01,N,158,98,0.20027154,-0.228706056,0.588057086,-0.568214651,0.055416269,14,7,27,6,0.055416269,0.139912897,0.494402855,0.489282239,-0.236437897,158,98,-0.005065098,0.221792317,0.173355994,-0.360948749,-0.006645962,15,1,22,6,-0.006645962,0.020891292,0.133587371,0.147690605,-0.148654957
I01,N,222,157,0.023982282,0.730755808,0.729881301,0.729881301,-0.067742467,15,7,23,1,-0.067742467,-0.026564423,0.002570169,0.04879518,0.349697264,222,157,-0.146040041,0.167042193,0.148517521,-0.436756313,-0.146910357,28,1,37,8,-0.146910357,-0.077590386,-0.01231574,0.121375413,0.068942586
I01,N,157,160,0.161214195,0.71914921,-0.06984774,-0.06984774,-0.138274742,8,19,34,7,-0.138274742,-0.135288528,-0.121955912,-0.119125572,-0.115924175,157,160,0.128661132,0.347483482,0.213862686,-0.372061058,0.065399439,17,4,27,6,0.065399439,0.112764917,0.16918496,0.213862686,0.110742012
I01,N,160,156,-0.093516938,0.037724491,0.636237164,-0.370359796,-0.192822608,18,6,38,14,-0.192822608,-0.114521253,0.255176905,0.606506706,0.223491682,160,156,0.136819142,0.191129312,0.234771207,-0.374178014,0.0739173,14,4,25,7,0.0739173,0.09406985,0.196798631,0.215440529,-0.060507911
I01,N,156,155,-0.043947731,-0.126168326,0.616946321,-0.316901383,-0.101055702,19,10,34,5,-0.101055702,-0.090487625,0.109883809,0.572873436,0.299467616,156,155,0.164545031,0.277978988,0.343466199,-0.466412264,0.150656676,14,2,21,5,0.150656676,0.177915496,0.326221475,0.274560108,-0.14821002
I01,N,155,153,-0.076584337,-0.076207884,0.767614149,-0.358566245,-0.100119302,16,2,24,6,-0.100119302,0.014116111,0.470002084,0.767614149,0.253478239,155,153,0.041310033,0.219456359,0.194418381,-0.400903145,0.037156771,16,3,25,6,0.037156771,0.075154144,0.142572938,0.194418381,0.002286635
I01,N,153,154,-0.059979727,0.000655779,0.654985277,-0.233402166,-0.102252146,24,6,36,6,-0.102252146,-0.041829566,0.004103999,0.486208044,0.426440506,153,154,0.180942877,0.151453402,0.265047815,-0.401887484,0.164849348,15,6,27,6,0.164849348,0.189805725,0.256896671,0.193038589,-0.174647292
I01,N,154,155,0.09315744,0.739523775,-0.053146185,-0.053146185,-0.123977942,7,17,31,7,-0.123977942,-0.121078911,-0.108526133,-0.074581897,-0.066491184,154,155,-0.006560555,0.269415251,0.331275946,-0.368183055,-0.119447251,33,14,53,6,-0.119447251,-0.0319569,0.094559142,0.130553917,0.320120238
I01,N,155,155,-0.228311123,-0.053158383,0.70354501,-0.452847583,-0.250320975,20,3,29,6,-0.250320975,-0.071806638,0.12402683,0.655362891,0.256043161,155,155,0.060304022,0.1886699,0.238316964,-0.420793503,-0.047862698,32,19,57,6,-0.047862698,0.040568771,0.105347057,0.138169251,0.234781974
I01,N,155,156,-0.151133767,0.7812532,-0.182352071,-0.182352071,-0.195381013,1,4,13,8,-0.195381013,-0.195381013,-0.195381013,-0.195381013,-0.195381013,155,156,0.083725091,0.213716585,0.400250365,-0.314423146,-0.11298781,32,15,53,6,-0.11298781,-0.008404038,0.113463553,0.246751179,0.383024937
I01,N,156,154,-0.228401402,-0.016320637,0.68367876,-0.444866223,-0.242146059,17,4,28,7,-0.242146059,-0.167199414,0.155673156,0.68367876,0.270903276,156,154,0.174589536,0.114546047,0.229655647,-0.382119214,0.06786987,13,6,25,6,0.06786987,0.111611178,0.229655647,0.177976337,-0.147322476
I01,N,154,156,0.192982819,0.890502663,0.885207832,0.885207832,-0.159920295,16,17,34,1,-0.159920295,-0.075993245,-0.00311481,0.082263651,0.355055544,154,156,0.078631095,0.085478854,0.140328602,-0.461456215,0.021415167,15,5,27,7,0.021415167,0.073446858,0.139330176,0.075514558,-0.192836174
I01,N,156,156,-0.080851773,-0.072893512,0.68290414,-0.331335683,-0.090775932,17,3,26,6,-0.090775932,-0.015821116,0.251856678,0.68290414,0.321036292,156,156,0.10744668,0.19134396,0.24768635,-0.354910912,0.105274357,15,3,25,7,0.105274357,0.126112176,0.213778897,0.228867944,-0.044229685
I01,N,156,157,-0.066880844,-0.120799047,0.644112747,-0.431303744,-0.129084341,16,7,29,6,-0.129084341,-0.024444157,0.326138686,0.644112747,0.303677303,156,157,0.065982213,0.168430034,0.202714836,-0.40110285,0.049900462,14,5,25,6,0.049900462,0.070832773,0.16897782,0.179417921,-0.10567771
I01,N,157,156,-0.06177027,-0.059003159,0.599060584,-0.388562477,-0.068422411,18,3,27,6,-0.068422411,-0.044386599,0.227207715,0.564256409,0.237074595,157,156,0.120129236,0.187944456,0.252573259,-0.391528984,0.099105309,14,4,25,7,0.099105309,0.126094551,0.230066733,0.220072289,-0.093245168
I01,N,156,155,-0.040997799,-0.086230094,0.661529195,-0.379662394,-0.114161776,16,5,26,5,-0.114161776,0.001679726,0.393247745,0.661529195,0.198712358,156,155,0.023890739,0.221434117,0.156662296,-0.429939541,-0.004471795,14,6,26,6,-0.004471795,0.016695227,0.118433988,0.131614521,-0.175838652
I01,N,155,159,0.070077552,-0.016337861,0.700815104,-0.435838247,-0.121464068,18,9,33,6,-0.121464068,-0.075738122,0.311213747,0.687389901,0.196473834,155,159,0.093624918,0.179968053,0.25139408,-0.392287788,0.091606524,15,2,23,6,0.091606524,0.120930403,0.226670493,0.208759915,-0.140491811
I01,N,159,153,-0.079891588,-0.055921734,0.533260576,-0.422008129,-0.168978788,16,4,26,6,-0.168978788,-0.047846042,0.350593681,0.531020885,0.058164977,159,153,0.145148119,0.209906484,0.263301524,-0.409112017,0.129617068,16,4,26,6,0.129617068,0.15338592,0.232275793,0.245254992,-0.037431738
I01,N,153,157,-0.044906095,0.719424938,-0.019283232,-0.019283232,-0.087996846,2,4,12,6,-0.087996846,-0.087996846,-0.087996846,-0.071746663,-0.071746663,153,157,0.083715784,0.1766496,0.179448385,-0.453177475,0.070810313,14,7,28,7,0.070810313,0.085120854,0.159343576,0.151326616,-0.158076823
I01,N,157,157,0.081941288,-0.069585771,0.746739585,-0.348905208,-0.023563378,23,8,37,6,-0.023563378,0.008159594,0.059757284,0.496035871,0.511877137,157,157,0.082526526,0.115039939,0.184984907,-0.42995346,0.061170399,14,3,23,6,0.061170399,0.074294773,0.165043807,0.135998726,-0.19348036
I01,N,157,154,-0.008633454,-0.03174746,0.652331951,-0.288130387,-0.040354538,16,3,24,5,-0.040354538,0.077518405,0.47212471,0.645482682,0.164930292,157,154,0.070958232,0.157952796,0.265609236,-0.399015512,0.065959186,19,3,28,6,0.065959186,0.082778231,0.149940291,0.265609236,-0.033761606
I01,N,154,155,-0.11444484,0.630374376,-0.129786967,-0.129786967,-0.238388207,3,14,23,6,-0.238388207,-0.238388207,-0.234736716,-0.234736716,-0.202153717,154,155,0.102785608,0.314228296,0.253626143,-0.305291097,0.052766509,16,7,29,6,0.052766509,0.126071576,0.227838781,0.2482566,0.081283973
I01,N,155,157,0.0141991,0.403159366,-0.577856205,-0.590696891,-0.577856205,1,16,24,7,-0.577856205,-0.577856205,-0.577856205,-0.577856205,-0.577856205,155,157,0.152356212,0.180928417,0.411706889,-0.250457964,0.082535023,15,4,25,6,0.082535023,0.156216783,0.359612139,0.378687148,0.052833027
I01,N,157,157,-0.154471529,0.637472824,-0.138027445,-0.138027445,-0.172004216,2,3,12,7,-0.172004216,-0.172004216,-0.172004216,-0.166486321,-0.166486321,157,157,0.169561395,0.113489501,0.311206584,-0.44184836,0.054349992,13,5,24,6,0.054349992,0.125599396,0.299170943,0.283073648,-0.068461854
I01,N,157,158,0.0018732,0.031793901,0.718764045,-0.41088551,-0.020138969,15,4,31,12,-0.020138969,0.100087748,0.539204507,0.654718088,-0.066161209,157,158,-0.025885579,0.178340614,0.234029368,-0.31831947,-0.032448167,22,3,33,8,-0.032448167,0.045739546,0.12715261,0.234029368,0.068667825
I01,N,158,157,-0.180098617,0.508979239,-0.033481804,-0.033481804,-0.192741803,3,2,10,5,-0.192741803,-0.192741803,-0.182036193,-0.182036193,-0.132709975,158,157,0.05600905,0.176016567,0.224026724,-0.349825273,0.053811506,21,2,29,6,0.053811506,0.090726745,0.108989585,0.204468719,0.105695817
I01,N,157,156,0.006139952,0.708238163,-0.047564757,-0.047564757,-0.159343643,2,5,12,5,-0.159343643,-0.159343643,-0.159343643,-0.132175039,-0.132175039,157,156,0.122034516,0.150807887,0.136625484,-0.367311045,0.024834538,14,6,27,7,0.024834538,0.041011589,0.095009428,0.136625484,-0.045006946
I01,N,156,156,-0.106052493,0.12582473,0.807153061,-0.254958434,-0.284121195,24,7,41,10,-0.284121195,-0.204095753,-0.152468569,0.555155132,0.491860243,156,156,0.128721399,0.118849645,0.247880238,-0.377973358,0.097984228,13,5,23,5,0.097984228,0.14284512,0.247880238,0.196143971,-0.174075924
I01,N,156,158,-0.147985516,0.497666347,-0.03366279,-0.03366279,-0.202143123,6,6,19,7,-0.202143123,-0.19101917,-0.167643243,-0.136078857,-0.102115895,156,158,0.086068151,0.195735636,0.243724043,-0.378915163,0.048320964,16,5,27,6,0.048320964,0.096504261,0.201691295,0.230906151,-0.016184365
I01,N,158,159,-0.08764937,0.599856617,-0.05549073,-0.05549073,-0.127592908,2,4,12,6,-0.127592908,-0.127592908,-0.127592908,-0.110072898,-0.110072898,158,159,0.061891436,0.208405779,0.262849129,-0.402757468,0.05824322,14,2,22,6,0.05824322,0.079963359,0.221040955,0.226647909,-0.137076403
I01,N,159,152,-0.1729521,-0.037807724,0.675083505,-0.366932542,-0.185450851,16,2,25,7,-0.185450851,-0.099353223,0.333507544,0.675083505,0.25353806,159,152,0.180343446,0.103648461,-0.132400223,-0.427612923,-0.132400223,3,4,13,6,-0.132400223,-0.132400223,-0.267614993,-0.267614993,-0.376641278
I01,N,152,158,-0.082269271,0.558454157,-0.111768193,-0.111768193,-0.150878545,2,5,13,6,-0.150878545,-0.150878545,-0.150878545,-0.147608836,-0.147608836,152,158,0.154844891,0.201188306,0.257594486,-0.349045064,0.113905471,14,5,25,6,0.113905471,0.130150032,0.222762274,0.223154256,-0.130839719
I01,N,158,98,-0.08359541,-0.065577866,0.57251107,-0.377780946,-0.131540467,16,5,27,6,-0.131540467,-0.052990095,0.302469161,0.57251107,0.173517441,158,98,0.099043443,0.15538633,0.194095512,-0.35511785,0.095446268,13,2,21,6,0.095446268,0.111664159,0.187311235,0.173268908,-0.091402671
I01,N,218,155,-0.031424111,-0.09399584,0.610203022,-0.360022449,-0.119614867,16,5,27,6,-0.119614867,-0.030994621,0.334269086,0.610203022,0.183161944,218,155,-0.034785533,0.111978584,0.167946497,-0.397170254,-0.073535198,18,4,28,6,-0.073535198,-0.01206742,0.114685071,0.167946497,-0.026677533
I01,N,155,159,-0.084180683,0.633369772,-0.032040263,-0.032040263,-0.110593766,3,4,13,6,-0.110593766,-0.110593766,-0.110295534,-0.110295534,-0.088995009,155,159,0.113274794,0.17124379,0.234975314,-0.356395021,0.058353436,16,6,28,6,0.058353436,0.079406434,0.17248064,0.234377671,-0.006703058
I01,N,159,158,-0.057343146,-0.001799648,0.633581816,-0.313469925,-0.122461291,15,4,25,6,-0.122461291,0.033522253,0.491992992,0.578756773,0.01109466,159,158,0.091645322,0.102392349,0.112175069,-0.32650272,0.058315325,14,7,27,6,0.058315325,0.065355284,0.086813682,0.112175069,-0.049526173
I01,N,158,156,0.104481861,-0.056075002,0.527609659,-0.296936739,-0.134398869,19,20,47,8,-0.134398869,-0.119976333,-0.020452268,0.461620744,0.272350569,158,156,0.123340642,0.174772557,0.260671575,-0.363718928,0.084293726,14,5,25,6,0.084293726,0.107874487,0.209866673,0.251898891,-0.016441893
I01,N,156,158,-0.105210112,0.606928086,-0.042789519,-0.042789519,-0.15792748,3,4,12,5,-0.15792748,-0.15792748,-0.151951123,-0.151951123,-0.116729777,156,158,0.084573185,0.167557094,0.229239329,-0.365410803,0.07329915,14,3,23,6,0.07329915,0.090986088,0.196915693,0.19468339,-0.138774876
I01,N,158,161,-0.064103136,-0.048764857,0.655758585,-0.360443424,-0.086125177,15,3,26,8,-0.086125177,0.062470571,0.496746168,0.606553284,0.003929497,158,161,0.083325948,0.154459654,0.219373876,-0.377307641,0.059995633,13,4,23,6,0.059995633,0.083263444,0.198426959,0.205064005,-0.094390952
I01,N,161,110,0.11920894,-0.06376282,0.557441773,-0.329466409,-0.109145107,16,25,49,8,-0.109145107,-0.039181504,0.29774759,0.557441773,0.20152448,161,110,0.085365028,0.138007792,0.236024931,-0.363980581,0.073295182,14,7,27,6,0.073295182,0.086994191,0.181347419,0.224683588,-0.048645432
I01,N,214,162,-0.018417654,0.621619231,-0.044441019,-0.044441019,-0.070501503,1,5,13,7,-0.070501503,-0.070501503,-0.070501503,-0.070501503,-0.070501503,214,162,0.042064647,0.147821439,0.171885306,-0.380681343,0.030000765,13,2,21,6,0.030000765,0.057935111,0.167261148,0.13764229,-0.185841556
I01,N,162,161,-0.082870999,0.569442939,-0.070579926,-0.070579926,-0.116059315,2,4,12,6,-0.116059315,-0.116059315,-0.116059315,-0.108958882,-0.108958882,162,161,0.065159603,0.165706213,0.248470563,-0.318248508,0.041286684,15,5,26,6,0.041286684,0.084921127,0.197887318,0.243306556,-0.005026229
I01,N,161,161,-0.101269032,0.68774756,-0.044499406,-0.044499406,-0.132608461,2,4,12,6,-0.132608461,-0.132608461,-0.132608461,-0.108331407,-0.108331407,161,161,0.074361928,0.149784478,0.252626898,-0.330518751,0.053618401,15,5,26,6,0.053618401,0.107372697,0.227513598,0.215259413,-0.107982958
I01,N,161,104,-0.072885876,0.578962009,-0.0229077,-0.0229077,-0.117531663,3,4,12,5,-0.117531663,-0.117531663,-0.117420849,-0.117420849,-0.089941871,161,104,0.105511107,0.117736023,0.22557349,-0.373609506,0.067693296,16,4,26,6,0.067693296,0.096337092,0.17534073,0.22557349,0.023620733
I01,N,220,160,-0.065530783,0.713762236,-0.008457079,-0.008457079,-0.081432643,3,4,13,6,-0.081432643,-0.081432643,-0.080327103,-0.080327103,-0.060703704,220,160,-0.004164223,0.196470623,0.204295794,-0.351478947,-0.005112627,20,1,27,6,-0.005112627,0.01920075,0.065024188,0.201562045,0.007355855
I01,N,160,161,-0.097330418,0.637167468,-0.026510951,-0.026510951,-0.123784552,3,3,12,6,-0.123784552,-0.123784552,-0.121890712,-0.121890712,-0.094034744,160,161,0.085936719,0.161136777,0.237808855,-0.337262227,0.084686287,18,2,26,6,0.084686287,0.096760491,0.159337613,0.237483431,0.019215112
I01,N,161,159,-0.077939282,-0.056352475,0.600586632,-0.328807454,-0.096427762,15,4,25,6,-0.096427762,0.028735488,0.427903058,0.578118882,0.070656165,161,159,0.122527226,0.131267818,0.235051681,-0.36304492,0.082068768,14,4,24,6,0.082068768,0.102763515,0.214248265,0.179421236,-0.160805952
I01,N,159,104,-0.091087673,0.627421993,-0.09987683,-0.09987683,-0.118814315,1,4,12,7,-0.118814315,-0.118814315,-0.118814315,-0.118814315,-0.118814315,159,104,0.063184241,0.167089811,0.268218229,-0.348483018,0.059583991,17,3,26,6,0.059583991,0.089195656,0.176364132,0.265943979,0.04042771
I01,N,221,158,-0.053635664,-0.086152454,0.574069221,-0.387175841,-0.093823602,15,4,25,6,-0.093823602,0.011028019,0.376484571,0.573563453,0.074303952,221,158,0.093392462,0.161253804,0.211060153,-0.366789122,0.046787367,14,4,24,6,0.046787367,0.07438546,0.190013956,0.156012405,-0.177570079
I01,N,158,161,-0.100774671,0.724214147,-0.091299353,-0.091299353,-0.138022757,2,4,13,7,-0.138022757,-0.138022757,-0.138022757,-0.127894214,-0.127894214,158,161,0.095748624,0.131115065,0.271956092,-0.308821117,0.088251035,19,4,29,6,0.088251035,0.091315258,0.124664985,0.256832898,0.101948872
I01,N,161,156,-0.101340572,-0.021007155,0.596718028,-0.353996468,-0.102982126,15,1,31,15,-0.102982126,0.010122066,0.412872999,0.574322283,0.055538462,161,156,0.078916122,0.155913928,0.210977308,-0.377511647,0.077927799,15,1,22,6,0.077927799,0.113364851,0.198181885,0.168327944,-0.131207826
I01,N,156,158,-0.034541196,-0.083880932,0.61244228,-0.313792771,-0.074164594,14,3,28,11,-0.074164594,0.016103803,0.425989383,0.591057164,0.061929657,156,158,0.101428166,0.214903063,0.252396643,-0.349736008,0.075831983,16,6,29,7,0.075831983,0.090447299,0.152023651,0.252251216,0.120240959
I01,N,158,154,-0.121491661,-0.010835856,0.686199814,-0.449144598,-0.181294321,17,5,29,7,-0.181294321,-0.069875837,0.266851658,0.686199814,0.202191144,158,154,0.074945341,0.232171409,0.24064622,-0.410864975,0.057107677,17,3,27,7,0.057107677,0.108566738,0.152110321,0.24064622,0.07058553
I01,N,154,157,-0.043793646,0.636200149,-0.035674331,-0.035674331,-0.124227999,3,12,21,6,-0.124227999,-0.124227999,-0.123884751,-0.123884751,-0.097068079,154,157,0.090897817,0.177293529,0.198678913,-0.39581544,0.06168215,14,4,24,6,0.06168215,0.081810051,0.177412289,0.153142593,-0.17720229
I01,N,157,155,-0.013260127,-0.060789422,0.587919074,-0.367663998,-0.065505288,15,5,27,7,-0.065505288,0.098595351,0.483619174,0.525587486,-0.044024698,157,155,0.103467235,0.130001248,0.220361805,-0.363491912,0.092370592,13,2,21,6,0.092370592,0.105342364,0.203388868,0.205237942,-0.074531036
I01,N,155,155,0.026033417,0.065919043,0.784649306,-0.280098305,-0.031137808,20,8,34,6,-0.031137808,-0.011275972,0.150332295,0.695624586,0.462646223,155,155,0.117151404,0.118988801,0.185513882,-0.329197729,0.061061674,13,6,25,6,0.061061674,0.08730318,0.172532232,0.175020309,-0.043596744
I01,N,155,160,-0.061884213,-0.023956923,0.674748891,-0.325027312,-0.068873497,17,2,25,6,-0.068873497,-0.00323003,0.319291496,0.674748891,0.196353497,155,160,0.070157591,0.173490825,0.227902746,-0.368876665,0.033360321,13,5,25,7,0.033360321,0.061429788,0.199246575,0.222579405,-0.048589605
I01,N,160,155,-0.067287869,-0.065523403,0.557509827,-0.370525554,-0.130416516,16,5,27,6,-0.130416516,-0.054459193,0.285835823,0.557509827,0.206019167,160,155,0.248235154,0.166249476,-0.014955653,-0.378056421,-0.014955653,3,3,13,7,-0.014955653,-0.014955653,-0.165567127,-0.165567127,-0.299854597
I01,N,155,158,-0.119848707,-0.122534843,0.69358095,-0.465771051,-0.121756094,16,1,23,6,-0.121756094,-0.05924371,0.336330218,0.69358095,0.208037046,155,158,0.075172046,0.265120378,0.17127166,-0.389182237,-0.132488534,30,18,54,6,-0.132488534,-0.020569431,0.036778207,0.159921815,0.127668499
I01,N,158,159,-0.042106258,-0.079577988,0.515831642,-0.368924019,-0.093644392,17,5,27,5,-0.093644392,-0.006658068,0.251407266,0.514866218,0.064721088,158,159,0.093043345,0.16836896,0.225034845,-0.323422819,0.043640032,18,4,27,5,0.043640032,0.095124012,0.182085656,0.225034845,-0.001373411
I01,N,159,159,0.071642681,-0.0484669,0.56070882,-0.350512356,-0.107844921,18,20,45,7,-0.107844921,-0.068983683,0.182468293,0.526929349,0.178394582,159,159,0.085421872,0.156577205,0.243146494,-0.370929027,0.072565674,14,3,23,6,0.072565674,0.089808576,0.206471681,0.211743691,-0.097957668
I01,N,159,161,-0.088110874,0.707084012,-0.057847172,-0.057847172,-0.114067919,2,4,12,6,-0.114067919,-0.114067919,-0.114067919,-0.100294436,-0.100294436,159,161,0.068080422,0.236289744,0.221440133,-0.358072418,0.059497245,14,4,24,6,0.059497245,0.084821356,0.187893567,0.193431862,-0.112178664
I01,N,161,161,-0.080299568,-0.085648892,0.622697909,-0.400009545,-0.101944509,19,5,31,7,-0.101944509,-0.079820438,0.12660339,0.587892828,0.219655837,161,161,0.095192412,0.216141307,0.241069498,-0.373410798,0.09334013,15,2,23,6,0.09334013,0.111422981,0.202031636,0.214009268,-0.107299373
I01,N,161,161,-0.029484542,-0.032525684,0.658431211,-0.38542749,-0.056047531,16,5,27,6,-0.056047531,0.036171468,0.406847012,0.658431211,0.149612291,161,161,0.078699985,0.179280171,0.233939888,-0.436166536,0.077227593,16,2,24,6,0.077227593,0.094122023,0.184307577,0.222974184,-0.0513728
I01,N,161,162,-0.06857985,-0.11002553,0.725190263,-0.442444973,-0.112253288,15,4,26,7,-0.112253288,0.002036371,0.461802226,0.724271321,0.102097669,161,162,0.067366256,0.224040022,0.213440422,-0.365192411,0.057816523,15,5,27,7,0.057816523,0.080063686,0.170757001,0.197419454,-0.067511002
I01,N,162,163,-0.023981481,-0.079741924,0.658060478,-0.373641423,-0.049229155,15,4,25,6,-0.049229155,0.082523741,0.485348728,0.63115834,0.06847607,162,163,-0.004506976,0.203043793,0.226485708,-0.388322102,-0.125763852,33,14,54,7,-0.125763852,0.019755013,0.087725899,0.098879626,0.226485708
I01,N,163,163,0.207616417,-0.015673044,0.601210938,-0.378310605,-0.034661747,16,13,35,6,-0.034661747,0.060585474,0.392622603,0.601210938,0.167828921,163,163,0.071285417,0.214861929,0.270676805,-0.369090438,-0.149922661,32,17,55,6,-0.149922661,-0.063245929,0.008551729,0.060370655,0.270676805
I01,N,163,104,-0.078261229,0.72876441,-0.010792034,-0.010792034,-0.147622907,3,4,12,5,-0.147622907,-0.147622907,-0.142640419,-0.142640419,-0.10085106,163,104,0.101387512,0.204390108,0.200851546,-0.405156872,0.080373341,14,5,26,7,0.080373341,0.092124587,0.16714045,0.186003383,-0.078443471
I01,N,227,169,-0.065965505,-0.128787839,0.776672935,-0.492447359,-0.1181726,15,5,26,6,-0.1181726,0.038382823,0.54092888,0.747482445,0.040122624,227,169,-0.111254928,0.208314677,0.195695397,-0.353179307,-0.18573284,33,18,57,6,-0.18573284,-0.10902044,0.035643508,0.064145295,0.195695397
I01,N,169,166,-0.028580471,-0.070377595,0.630317682,-0.333280314,-0.084032899,15,6,27,6,-0.084032899,0.071417151,0.489378612,0.581681184,0.019480224,169,166,0.120186515,0.154668829,0.213838809,-0.407466157,0.082228195,14,5,25,6,0.082228195,0.096267633,0.179604345,0.193012896,-0.098397793
I01,N,166,167,-0.05982724,0.647556244,-0.010796841,-0.010796841,-0.102184758,3,4,13,6,-0.102184758,-0.102184758,-0.102009328,-0.102009328,-0.074838067,166,167,0.079378538,0.169151024,0.181981637,-0.41064374,0.064411979,14,6,26,6,0.064411979,0.083334258,0.162273473,0.147839789,-0.160951749
I01,N,167,100,-0.077057344,0.549393654,-0.019208749,-0.019208749,-0.109913775,2,4,11,5,-0.109913775,-0.109913775,-0.109913775,-0.0837164,-0.0837164,167,100,0.033924536,0.171799689,0.261414119,-0.423252228,-0.142906123,32,20,58,6,-0.142906123,0.01729722,0.091974733,0.121424914,0.24979648
I01,N,237,118,-0.059996913,0.648008507,-0.061993347,-0.061993347,-0.115171426,2,4,12,6,-0.115171426,-0.115171426,-0.115171426,-0.105952319,-0.105952319,237,118,0.052759999,0.207722233,0.224987751,-0.385360495,0.046345694,16,3,25,6,0.046345694,0.067449525,0.157967219,0.224987751,0.031339688
I01,N,215,166,-0.059078368,0.685138591,-0.064115749,-0.064115749,-0.074458062,1,4,12,7,-0.074458062,-0.074458062,-0.074458062,-0.074458062,-0.074458062,215,166,-0.080659715,0.1852096,0.200289449,-0.436695379,-0.219042371,31,11,49,7,-0.219042371,-0.072547523,0.020198864,0.044888643,0.200289449
I01,N,166,165,-0.093315948,0.626397431,-0.031075387,-0.031075387,-0.127335653,3,4,13,6,-0.127335653,-0.127335653,-0.125866908,-0.125866908,-0.097949276,166,165,0.087796758,0.154289686,0.237240762,-0.41585357,0.084751825,15,3,24,6,0.084751825,0.109244035,0.204651447,0.206613561,-0.130925729
I01,N,165,102,-0.088823019,-0.048689961,0.584149965,-0.313768052,-0.106308787,16,3,25,6,-0.106308787,-0.023331972,0.340083863,0.584149965,0.194917591,165,102,0.102885804,0.161424869,0.261254445,-0.419562981,0.081212354,15,5,26,6,0.081212354,0.109596803,0.21811515,0.235451106,-0.106392989
I01,N,230,170,-0.071884088,0.621411189,-0.075398507,-0.075398507,-0.083357578,1,3,11,7,-0.083357578,-0.083357578,-0.083357578,-0.083357578,-0.083357578,230,170,0.021738269,0.17286388,0.212267801,-0.418817776,0.021635025,16,1,24,7,0.021635025,0.035038339,0.118336731,0.212267801,0.052334021
I01,N,170,169,-0.08249437,-0.085900558,0.570250251,-0.328620528,-0.149533067,15,5,26,6,-0.149533067,0.000327464,0.40354593,0.551837626,0.060337637,170,169,0.11274231,0.15970092,0.276378015,-0.393809883,0.105667762,14,3,24,7,0.105667762,0.120854815,0.216614183,0.26795725,-0.023763801
I01,N,169,100,-0.058817895,-0.070245192,0.580610945,-0.290870554,-0.092574849,14,5,25,6,-0.092574849,-0.017737058,0.361783584,0.580610945,0.116771673,169,100,0.091104896,0.192218353,0.269728026,-0.419522073,0.086602359,16,4,26,6,0.086602359,0.107253092,0.201692645,0.269697358,0.000752403
I01,N,245,115,-0.093732705,-0.081556528,0.534197585,-0.396080515,-0.105667988,16,4,26,6,-0.105667988,-0.037086719,0.272608172,0.534197585,0.192172467,245,115,0.066663753,0.196930928,0.259501237,-0.392732394,0.061942756,15,3,25,7,0.061942756,0.092448912,0.207484783,0.240604546,-0.069893662
I01,N,232,175,-0.04598286,-0.094494387,0.641568401,-0.368794339,-0.072133221,16,4,26,6,-0.072133221,0.00849741,0.386033534,0.641568401,0.187687855,232,175,-0.080190028,0.207911075,0.21020406,-0.420677962,-0.210437707,32,19,57,6,-0.210437707,-0.061320239,0.035187253,0.060522804,0.21020406
I01,N,175,172,-0.067553143,-0.036918431,0.58242078,-0.319734148,-0.119341902,15,4,25,6,-0.119341902,0.050416263,0.464373796,0.524392531,-0.02535036,175,172,0.033936265,0.175982128,0.280608979,-0.399954248,-0.137805988,32,23,61,6,-0.137805988,0.016787142,0.0887625,0.123722076,0.280608979
I01,N,172,171,-0.073202795,0.620257157,-0.029460302,-0.029460302,-0.108641693,3,5,14,6,-0.108641693,-0.108641693,-0.104762774,-0.104762774,-0.08215314,172,171,0.082625624,0.167064728,0.252761452,-0.443595015,0.075400435,14,3,23,6,0.075400435,0.097396776,0.206579475,0.227025124,-0.122399073
I01,N,171,173,-0.085917398,-0.0503872,0.589602203,-0.295445521,-0.093542517,15,3,25,7,-0.093542517,0.017299853,0.399260253,0.585115777,0.108720724,171,173,0.077766173,0.174755416,0.250949256,-0.403989831,0.063841181,16,4,26,6,0.063841181,0.090024839,0.1928531,0.243166352,-0.038357587
I01,N,173,107,-0.061612636,-0.093398886,0.511374347,-0.360732533,-0.110185839,14,4,25,7,-0.110185839,-0.032619595,0.330556369,0.507214123,0.052445006,173,107,0.092393193,0.185061825,0.255597092,-0.393974023,0.082740632,16,4,26,6,0.082740632,0.101559317,0.19657779,0.249746096,-0.012863414
I01,N,239,172,-0.051547071,-0.139345472,0.663205125,-0.456579047,-0.083610721,16,4,27,7,-0.083610721,0.00818433,0.411733946,0.663205125,0.175090968,239,172,0.040600223,0.237720047,0.200842037,-0.388861044,0.03931222,15,2,23,6,0.03931222,0.068478654,0.176212024,0.162738593,-0.167048609
I01,N,172,167,-0.077845571,-0.02635769,0.62540031,-0.31832699,-0.108652609,16,4,26,6,-0.108652609,-0.03307024,0.332975867,0.62540031,0.252778924,172,167,0.107259733,0.181213542,0.255977093,-0.399427406,0.104043116,14,2,22,6,0.104043116,0.118259369,0.211475189,0.23625691,-0.071882551
I01,N,167,169,-0.075537657,-0.094671664,0.612573962,-0.365750208,-0.103180338,15,3,24,6,-0.103180338,0.002799143,0.412907522,0.599274792,0.06537927,167,169,0.071006206,0.185618561,0.247761071,-0.410589254,0.070106021,17,2,26,7,0.070106021,0.077709731,0.124445691,0.247761071,0.089480814
I01,N,169,99,-0.05329996,-0.072170848,0.580937194,-0.340449513,-0.085921451,15,4,25,6,-0.085921451,0.030009046,0.419926094,0.55934314,0.064191273,169,99,0.08181072,0.146783025,0.239272974,-0.398030445,0.080079583,16,2,25,7,0.080079583,0.090484645,0.15551827,0.239272974,0.08140031
I01,N,241,170,-0.060593745,0.638497229,-0.011682823,-0.011682823,-0.070098194,3,2,11,6,-0.070098194,-0.070098194,-0.069927384,-0.069927384,-0.054456433,241,170,-0.063163623,0.265451073,0.262947531,-0.370270345,-0.191281428,32,13,52,7,-0.191281428,-0.06145295,0.049597031,0.083825251,0.262947531
I01,N,170,170,-0.075499652,-0.117888918,0.618241781,-0.338970938,-0.120875887,15,4,25,6,-0.120875887,0.024999478,0.457743198,0.578233959,0.027821774,170,170,0.078603217,0.138246911,0.234564955,-0.428655061,0.067297495,15,5,27,7,0.067297495,0.089388165,0.184600521,0.217182536,-0.093834406
I01,N,170,173,-0.08043743,0.574100557,-0.02446212,-0.02446212,-0.09427764,3,3,12,6,-0.09427764,-0.09427764,-0.093098422,-0.093098422,-0.074161225,170,173,0.09742365,0.169140764,0.262384616,-0.428524035,0.086175995,14,4,24,6,0.086175995,0.108277233,0.221250845,0.233535627,-0.111062941
I01,N,173,99,-0.094683177,-0.052766057,0.57616551,-0.324578161,-0.135197207,15,4,25,6,-0.135197207,0.029832191,0.440969514,0.52577037,-0.021143806,173,99,0.031876302,0.175580102,0.280954497,-0.419415166,-0.135882986,33,22,61,6,-0.135882986,0.001432502,0.097842671,0.107015123,0.280954497
I01,N,250,176,-0.094204199,-0.094153684,0.567131044,-0.390075218,-0.108733106,17,3,26,6,-0.108733106,-0.062329294,0.236511482,0.56305257,0.07195907,250,176,-0.036068612,0.19347197,0.254535681,-0.394543091,-0.187244246,32,18,56,6,-0.187244246,-0.028915677,0.061814375,0.095281925,0.244929168
I01,N,176,173,-0.074967392,-0.03736484,0.583632867,-0.329160045,-0.084668616,16,4,26,6,-0.084668616,-0.016307046,0.323773582,0.583632867,0.199374106,176,173,0.086797381,0.154296891,0.256069349,-0.414182441,0.086671695,19,1,26,6,0.086671695,0.088803933,0.111783708,0.244038962,0.056990563
I01,N,173,174,-0.075763234,-0.059516145,0.611597326,-0.32602593,-0.09497668,16,4,26,6,-0.09497668,-0.053366921,0.232079026,0.599028207,0.35650081,173,174,0.068199636,0.172407624,0.233991555,-0.426119452,0.050952783,15,6,27,6,0.050952783,0.094899882,0.210015873,0.18321637,-0.194418708
I01,N,174,99,-0.049469123,-0.049168745,0.612255235,-0.320962597,-0.082927086,15,4,25,6,-0.082927086,0.059199733,0.484842247,0.553713423,-0.005576803,174,99,0.089485829,0.147401634,0.236628377,-0.419686918,0.077100917,15,4,25,6,0.077100917,0.101912032,0.199723523,0.210617911,-0.110433197
I01,N,255,117,0.133917138,-0.105461299,0.54347594,-0.401501275,-0.112972207,16,24,46,6,-0.112972207,-0.044527397,0.28225369,0.54347594,0.18063421,255,117,0.072705402,0.189422974,0.263954761,-0.409420718,0.070979019,16,2,25,7,0.070979019,0.088732887,0.181109494,0.263954761,0.071532531
I01,N,241,178,-0.067656359,-0.124392685,0.563234738,-0.395270915,-0.126338105,15,5,26,6,-0.126338105,0.024231591,0.421279465,0.524373543,-0.01848077,241,178,-0.088053106,0.188160174,0.206780763,-0.42114901,-0.216399021,32,17,56,7,-0.216399021,-0.094373472,0.017892781,0.059429739,0.206780763
I01,N,178,175,-0.042647144,-0.023995305,0.586479037,-0.289945251,-0.061806555,16,5,27,6,-0.061806555,0.021266995,0.370584606,0.586479037,0.181741791,178,175,0.096208669,0.141860205,0.25162934,-0.408490668,0.078528247,14,4,24,6,0.078528247,0.100193944,0.213998614,0.220763361,-0.116083211
I01,N,175,100,-0.095020426,0.57599371,-0.009806908,-0.009806908,-0.109439132,3,3,11,5,-0.109439132,-0.109439132,-0.103364559,-0.103364559,-0.074513139,175,100,0.082436381,0.177800254,0.252457834,-0.405767752,0.070028148,15,4,25,6,0.070028148,0.115354104,0.229508502,0.201948071,-0.173880065
I01,N,251,176,-0.069046871,-0.077498895,0.561597724,-0.369957003,-0.102374298,15,5,27,7,-0.102374298,0.045394537,0.45000981,0.503558579,-0.039618286,251,176,-0.058876689,0.165410218,0.254052462,-0.414309282,-0.180413245,32,11,49,6,-0.180413245,-0.043465079,0.061006015,0.088045158,0.254052462
I01,N,176,171,-0.033663717,-0.053546088,0.633735358,-0.32106273,-0.086568376,15,5,27,7,-0.086568376,0.01715954,0.427497122,0.624389555,0.111231241,176,171,0.088106974,0.163257213,0.241222466,-0.4244953,0.085406264,15,3,24,6,0.085406264,0.112635284,0.214245544,0.203355442,-0.159882628
I01,N,171,172,-0.043870837,-0.116010002,0.586199048,-0.365273574,-0.095938038,16,6,29,7,-0.095938038,-0.011355867,0.379858823,0.584973147,0.105340053,171,172,0.073760839,0.12320201,0.211599197,-0.416392422,0.066606177,15,3,24,6,0.066606177,0.095432302,0.191187995,0.170777366,-0.159681675
I01,N,172,171,-0.050693766,-0.044246176,0.567646442,-0.340578949,-0.072638328,16,4,26,6,-0.072638328,-0.003410751,0.344425904,0.567646442,0.141126037,172,171,0.109089163,0.146655399,0.256789731,-0.401194863,0.098396532,15,5,26,6,0.098396532,0.131116135,0.233375921,0.215534163,-0.127590207
I01,N,171,170,-0.077490597,-0.072278062,0.640267397,-0.385730408,-0.077559911,16,1,23,6,-0.077559911,-0.023164865,0.325570006,0.640267397,0.223007095,171,170,0.100929704,0.199487706,0.260614952,-0.383538801,0.07366203,15,5,26,6,0.07366203,0.116961336,0.23283489,0.230085028,-0.093063472
I01,N,170,170,-0.04879006,-0.080390727,0.604063596,-0.3812358,-0.081628979,15,4,24,5,-0.081628979,0.051181919,0.440178606,0.573292266,0.003204335,170,170,0.067206121,0.199280072,0.207646313,-0.398914212,0.06233989,15,3,25,7,0.06233989,0.085151183,0.169691022,0.191679275,-0.085320605
I01,N,170,170,0.042384321,-0.083623053,0.608329086,-0.33404485,-0.097150983,22,12,40,6,-0.097150983,-0.059849381,-0.034381834,0.476186095,0.460217014,170,170,0.072180332,0.186992863,0.284323641,-0.467042052,0.070918651,14,1,22,7,0.070918651,0.092201347,0.234131256,0.251416959,-0.115154419
I01,N,170,172,-0.035985812,0.642069142,-0.04343503,-0.04343503,-0.144004894,2,6,13,5,-0.144004894,-0.144004894,-0.144004894,-0.120223038,-0.120223038,170,172,0.116013562,0.273033897,0.275527761,-0.389696164,0.114559055,12,1,20,7,0.114559055,0.140587273,0.228565946,0.228700702,-0.023476862
I01,N,172,172,-0.045026825,-0.055719599,0.57448902,-0.38316572,-0.133002177,16,6,29,7,-0.133002177,-0.054783763,0.304182248,0.57448902,0.221990949,172,172,0.032938683,0.119322084,0.215264124,-0.359711357,-0.119090483,32,14,52,6,-0.119090483,-0.02540102,0.042877736,0.061529631,0.213025698
I01,N,172,105,-0.042889613,0.120450277,0.745905301,-0.222798371,-0.071221593,16,8,30,6,-0.071221593,-0.007955463,0.361451033,0.745905301,0.429726704,172,105,0.127445012,0.150396212,0.277785235,-0.34193887,0.120224416,15,4,24,5,0.120224416,0.161829862,0.262802493,0.214003192,-0.141648762
I01,N,247,174,-0.087546284,-0.111202194,0.593988547,-0.396088781,-0.132362083,16,5,27,6,-0.132362083,-0.008434255,0.396900112,0.587840069,0.074863716,247,174,-0.056142906,0.157174608,0.220526917,-0.365702332,-0.182455182,32,15,53,6,-0.182455182,-0.048200924,0.03902426,0.076444721,0.212289432
I01,N,174,174,-0.0755925,-0.052972272,0.621471632,-0.324763218,-0.123220721,16,5,26,5,-0.123220721,-0.04077846,0.351718267,0.621471632,0.16898622,174,174,0.076872245,0.165965843,0.252551787,-0.391330997,0.067151526,15,5,26,6,0.067151526,0.105280404,0.215472743,0.223047141,-0.113512422
I01,N,174,174,-0.066904262,-0.051378617,0.658228788,-0.346417265,-0.11922214,15,5,27,7,-0.11922214,0.001472412,0.427728321,0.658228788,0.138372416,174,174,0.068398847,0.143655932,0.229768163,-0.358511706,0.065968865,16,3,25,6,0.065968865,0.091649104,0.182894065,0.220300368,-0.024379097
I01,N,174,172,-0.078956539,-0.068779614,0.613915524,-0.329306926,-0.121256699,16,4,26,6,-0.121256699,-0.017471005,0.391789711,0.613915524,0.15559621,174,172,0.076214135,0.136225935,0.23534089,-0.390730044,0.069227638,15,3,24,6,0.069227638,0.100561644,0.207666714,0.200156292,-0.137071395
I01,N,172,121,-0.086032378,0.648125784,-0.075927813,-0.075927813,-0.143747811,2,5,13,6,-0.143747811,-0.143747811,-0.143747811,-0.126995122,-0.126995122,172,121,0.090324379,0.176616683,0.248272477,-0.372461852,0.067587655,14,5,25,6,0.067587655,0.089411645,0.199088352,0.229967442,-0.065237103
I01,N,229,172,-0.075899594,-0.048261722,0.618791481,-0.346542021,-0.093334387,15,4,25,6,-0.093334387,0.031450142,0.423567051,0.612352773,0.094744947,229,172,-0.056239431,0.172384729,0.230865171,-0.378426664,-0.177874786,33,18,57,6,-0.177874786,-0.07216617,0.023019409,0.06968421,0.218174955
I01,N,172,170,-0.059788745,0.687610627,-0.061253298,-0.061253298,-0.098938291,2,4,13,7,-0.098938291,-0.098938291,-0.098938291,-0.093463612,-0.093463612,172,170,0.091658264,0.172711622,0.241431858,-0.317757275,0.083835404,15,5,26,6,0.083835404,0.111534539,0.21611156,0.204272324,-0.116752632
I01,N,170,106,-0.050328607,0.681484072,-0.078627257,-0.078627257,-0.087903784,1,4,12,7,-0.087903784,-0.087903784,-0.087903784,-0.087903784,-0.087903784,170,106,0.095800276,0.133162475,0.169455461,-0.304351407,0.093155557,13,2,21,6,0.093155557,0.107081757,0.159379499,0.167895195,-0.016370991
I01,N,241,173,-0.033110572,0.643905432,-0.099649495,-0.099649495,-0.105054289,1,4,12,7,-0.105054289,-0.105054289,-0.105054289,-0.105054289,-0.105054289,241,173,0.017332382,0.203352279,0.188083922,-0.37359485,-0.222324292,32,19,58,7,-0.222324292,-0.142233958,-0.046153948,-0.012277158,0.188083922
I01,N,173,169,-0.08862417,-0.075061807,0.709971791,-0.344437883,-0.117380309,16,5,27,6,-0.117380309,-0.018763312,0.390379834,0.709971791,0.298614563,173,169,0.09361146,0.114863986,0.192088458,-0.427479519,-0.002654119,12,6,25,7,-0.002654119,0.065457264,0.171454263,0.105217339,-0.136828154
I01,N,169,171,-0.057953506,-0.061462316,0.642267489,-0.374455153,-0.082167434,15,5,27,7,-0.082167434,0.074318896,0.500781607,0.591069709,-0.000460649,169,171,0.142038527,0.223862282,0.267699568,-0.259333574,0.115174827,13,3,22,6,0.115174827,0.140970162,0.253464889,0.250008582,-0.008329876
I01,N,171,168,-0.030144683,-0.038280439,0.654896879,-0.331693237,-0.044610887,16,4,26,6,-0.044610887,0.051206381,0.426491279,0.654896879,0.191730137,171,168,0.092090214,0.142893673,0.215365719,-0.308460764,0.069305252,13,3,22,6,0.069305252,0.107944418,0.215365719,0.179633194,-0.115633317
I01,N,168,173,-0.052697018,-0.037640835,0.675242417,-0.380995136,-0.067339075,15,4,25,6,-0.067339075,0.075831245,0.508004161,0.628169936,-0.002638426,168,173,0.12763777,0.207715702,0.231812429,-0.288760096,0.09510674,14,5,25,6,0.09510674,0.131138375,0.21392417,0.214851295,-0.019643055
I01,N,173,171,-0.064991512,-0.067327195,0.640750497,-0.365139834,-0.094833999,15,4,25,6,-0.094833999,0.091927529,0.523479283,0.573423733,-0.039064377,173,171,0.108141177,0.156140824,0.173212547,-0.298595848,0.075824218,13,4,23,6,0.075824218,0.099867706,0.173212547,0.143489804,-0.097115617
I01,N,171,178,-0.070587181,-0.047549091,0.654845226,-0.313311597,-0.117168738,16,6,28,6,-0.117168738,0.007873556,0.43094175,0.654845226,0.207237274,171,178,0.077599257,0.124382622,0.181920868,-0.327177239,0.023222844,15,6,27,6,0.023222844,0.085281117,0.167930984,0.149493225,-0.114603301
I01,N,178,181,-0.067413566,-0.058822657,0.658962875,-0.395682107,-0.10852048,15,4,25,6,-0.10852048,0.018878127,0.4600629,0.63376872,0.043544602,178,181,0.101793663,0.188667691,0.208936668,-0.349065249,0.067155646,15,3,24,6,0.067155646,0.108011847,0.196010652,0.17484621,-0.083423546
I01,N,181,181,-0.055421534,-0.085517357,0.596661809,-0.337924857,-0.086120622,15,5,27,7,-0.086120622,0.073210045,0.489030494,0.53351306,-0.017920289,181,181,0.074075664,0.110840133,0.175263204,-0.313591637,0.05575332,17,4,27,6,0.05575332,0.067859105,0.106467677,0.173542854,0.000719557
I01,N,181,184,-0.045038689,-0.058560429,0.58531137,-0.296483928,-0.086127893,16,4,26,6,-0.086127893,0.016931559,0.406806681,0.578944233,0.144230936,181,184,0.087612526,0.137688396,0.173459131,-0.283056798,0.078127962,16,4,26,6,0.078127962,0.091542756,0.135162925,0.173459131,-0.003161479
I01,N,184,182,-0.055440535,-0.075328392,0.705243132,-0.426172281,-0.121770242,15,5,26,6,-0.121770242,0.060241717,0.535230956,0.654929462,-0.005266673,184,182,0.046617291,0.179816512,0.157858476,-0.339780704,0.025654049,18,3,28,7,0.025654049,0.054093841,0.11250725,0.155536856,0.01234457
I01,N,182,181,-0.066528947,-0.088836748,0.604656334,-0.35238486,-0.112461605,16,4,26,6,-0.112461605,0.015473625,0.435281023,0.58292226,0.085523785,182,181,0.045092939,0.156211967,0.164779675,-0.307163115,0.042740719,20,2,28,6,0.042740719,0.078717705,0.098420913,0.164031205,-0.020600039
I01,N,181,183,-0.049608373,-0.047905119,0.619660226,-0.326999887,-0.070664875,16,3,25,6,-0.070664875,0.024284087,0.423724623,0.616898695,0.153927052,181,183,0.097172633,0.164193916,0.191533736,-0.292728626,0.075839831,15,5,26,6,0.075839831,0.107271938,0.179484373,0.148486394,-0.114355647
I01,N,183,181,-0.05199959,-0.043346178,0.575266839,-0.3418929,-0.0820279,15,4,25,6,-0.0820279,0.062980864,0.457443423,0.521110671,-0.022671864,183,181,0.090888953,0.144082189,0.172903633,-0.280525412,0.070622587,15,5,26,6,0.070622587,0.104976299,0.161077772,0.155493742,-0.061015935
I01,N,181,123,-0.061405915,-0.049449461,0.643607736,-0.397751135,-0.083760237,16,4,26,6,-0.083760237,0.004305954,0.382609233,0.643607736,0.188509634,181,123,0.067966023,0.188997836,0.185185248,-0.325844616,0.059305469,17,4,27,6,0.059305469,0.066505957,0.111033996,0.184134182,-0.009373352
I01,N,237,176,0.017147729,-0.052323981,0.676374518,-0.363895734,-0.012025537,14,4,25,7,-0.012025537,0.071389336,0.477351378,0.661692922,0.10056371,237,176,-0.081765333,0.174643491,0.189001334,-0.366218353,-0.212622076,32,13,52,7,-0.212622076,-0.069491661,0.005170224,0.04837708,0.189001334
I01,N,176,106,-0.070781663,-0.040001258,0.704585989,-0.438824913,-0.109564391,16,4,26,6,-0.109564391,-0.002448759,0.435637867,0.704585989,0.162359032,176,106,0.086335362,0.228700145,0.154817512,-0.383842354,0.046065569,18,6,30,6,0.046065569,0.050333704,0.102883687,0.154817512,-0.048592057
I01,N,246,178,-0.086748194,-0.11749944,0.584918018,-0.457460976,-0.126181513,15,5,26,6,-0.126181513,0.048525752,0.463101465,0.522328014,-0.098714475,246,178,-0.036560181,0.214947991,0.188164625,-0.335642884,-0.142039421,33,15,54,6,-0.142039421,-0.043312997,0.063708958,0.082065979,0.188164625
I01,N,178,176,-0.063574559,-0.034739595,0.601856396,-0.331357878,-0.09058165,15,4,26,7,-0.09058165,0.015639047,0.415123963,0.588734368,0.086200243,178,176,0.085769982,0.159037548,0.21494992,-0.311996562,0.063644296,15,6,28,7,0.063644296,0.088958945,0.176276935,0.202036152,-0.028851847
I01,N,176,102,-0.071703724,-0.049949364,0.618849092,-0.345910494,-0.090762263,16,5,27,6,-0.090762263,-0.011677498,0.356945761,0.618849092,0.190665639,176,102,0.084264979,0.177662641,0.205601472,-0.348118104,0.073416437,16,4,26,6,0.073416437,0.094979981,0.163649124,0.204503984,0.008052106
